-- phpMyAdmin SQL Dump
-- version 5.2.1
-- https://www.phpmyadmin.net/
--
-- Host: 127.0.0.1
-- Generation Time: Mar 24, 2026 at 08:01 AM
-- Server version: 10.4.32-MariaDB
-- PHP Version: 8.2.12

SET SQL_MODE = "NO_AUTO_VALUE_ON_ZERO";
START TRANSACTION;
SET time_zone = "+00:00";


/*!40101 SET @OLD_CHARACTER_SET_CLIENT=@@CHARACTER_SET_CLIENT */;
/*!40101 SET @OLD_CHARACTER_SET_RESULTS=@@CHARACTER_SET_RESULTS */;
/*!40101 SET @OLD_COLLATION_CONNECTION=@@COLLATION_CONNECTION */;
/*!40101 SET NAMES utf8mb4 */;

--
-- Database: `employee_portal`
--

-- --------------------------------------------------------

--
-- Table structure for table `audit_log`
--

CREATE TABLE `audit_log` (
  `id` int(11) NOT NULL,
  `user_id` int(11) NOT NULL,
  `action` varchar(255) NOT NULL,
  `date_created` datetime DEFAULT current_timestamp(),
  `status` enum('success','pending') DEFAULT 'success'
) ENGINE=InnoDB DEFAULT CHARSET=utf8mb4 COLLATE=utf8mb4_general_ci;

-- --------------------------------------------------------

--
-- Table structure for table `exams`
--

CREATE TABLE `exams` (
  `id` int(11) NOT NULL,
  `exam_order` int(11) NOT NULL DEFAULT 1,
  `title` varchar(255) NOT NULL,
  `description` text DEFAULT NULL,
  `exam_date` datetime NOT NULL,
  `due_date` datetime DEFAULT NULL,
  `passing_score` int(11) NOT NULL,
  `duration` int(11) NOT NULL,
  `status` enum('Active','Inactive','Archived') NOT NULL DEFAULT 'Active',
  `created_by` int(11) NOT NULL,
  `target_position` varchar(100) DEFAULT 'All',
  `date_created` timestamp NOT NULL DEFAULT current_timestamp(),
  `type` varchar(50) NOT NULL DEFAULT 'General'
) ENGINE=InnoDB DEFAULT CHARSET=utf8mb4 COLLATE=utf8mb4_general_ci;

--
-- Dumping data for table `exams`
--

INSERT INTO `exams` (`id`, `exam_order`, `title`, `description`, `exam_date`, `due_date`, `passing_score`, `duration`, `status`, `created_by`, `target_position`, `date_created`, `type`) VALUES
(143, 1, 'Operations Examination', 'Operations Examination', '2026-02-26 09:00:00', '2026-02-26 10:30:00', 85, 45, 'Archived', 16, 'All', '2026-02-25 02:49:47', 'General'),
(144, 2, 'TSD Examination', 'TSD Examination', '2026-02-26 09:00:00', '2026-02-26 10:30:00', 85, 20, 'Archived', 16, 'All', '2026-02-25 02:49:47', 'General'),
(145, 3, 'Accounting Examination', 'Accounting Examination', '2026-02-26 09:00:00', '2026-02-26 10:30:00', 85, 20, 'Archived', 16, 'All', '2026-02-25 02:49:47', 'General'),
(146, 4, 'COC Examination', 'COC Examination', '2026-02-26 10:25:00', '2026-02-26 12:00:00', 85, 30, 'Archived', 16, 'All', '2026-02-25 02:49:47', 'General'),
(147, 5, 'Leadership Examination', 'Leadership Examination', '2026-02-26 10:25:00', '2026-02-26 12:00:00', 85, 30, 'Archived', 16, 'All', '2026-02-25 02:49:47', 'General'),
(148, 6, 'EOS Examination', 'EOS Examination', '2026-02-26 10:25:00', '2026-02-26 12:00:00', 85, 15, 'Archived', 16, 'All', '2026-02-25 02:49:47', 'General'),
(149, 7, 'Essay Examination', 'Essay Examination', '2026-02-26 12:00:00', '2026-02-26 13:00:00', 85, 60, 'Archived', 16, 'All', '2026-02-25 02:49:47', 'General');

-- --------------------------------------------------------

--
-- Table structure for table `exam_results`
--

CREATE TABLE `exam_results` (
  `id` int(11) NOT NULL,
  `exam_id` int(11) NOT NULL,
  `employee_id` int(11) NOT NULL,
  `score` int(11) NOT NULL,
  `essay_score` decimal(5,2) DEFAULT 0.00,
  `total` int(11) NOT NULL,
  `date_taken` timestamp NOT NULL DEFAULT current_timestamp(),
  `answers` longtext CHARACTER SET utf8mb4 COLLATE utf8mb4_bin DEFAULT NULL CHECK (json_valid(`answers`)),
  `time_spent_seconds` int(11) DEFAULT 0,
  `started_at` datetime DEFAULT NULL
) ENGINE=InnoDB DEFAULT CHARSET=utf8mb4 COLLATE=utf8mb4_general_ci;

--
-- Dumping data for table `exam_results`
--

INSERT INTO `exam_results` (`id`, `exam_id`, `employee_id`, `score`, `essay_score`, `total`, `date_taken`, `answers`, `time_spent_seconds`, `started_at`) VALUES
(56, 143, 31, 59, NULL, 60, '2026-02-26 01:12:38', '{\"960\":\"False\",\"955\":\"True\",\"963\":\"False\",\"969\":\"True\",\"964\":\"True\",\"957\":\"True\",\"959\":\"False\",\"968\":\"False\",\"966\":\"False\",\"967\":\"False\",\"958\":\"True\",\"962\":\"True\",\"961\":\"True\",\"956\":\"False\",\"965\":\"True\",\"1008\":\"Name, date of birth, and type of ID\",\"977\":\"6 days suspension\",\"981\":\"1 hour\",\"978\":\"All of the above\",\"989\":\"130 pcs\",\"979\":\"Dimsum, Main dish, drinks, dessert & take out\",\"1006\":\"48 pcs\",\"985\":\"Congee, soup, LO rice, Nanking beef, Aniseed Beef Tendon, Soy & White chicken, Dining sauces\",\"995\":\"60 pieces\",\"996\":\"(negative) 18 \\u02daC\",\"987\":\"55 pcs\",\"971\":\"Log time of arrival in employee log sheet\",\"1002\":\"12 orders\",\"1000\":\"0\\u00b0C to 5\\u00b0C\",\"983\":\"Dishwashing area\",\"984\":\"Comfort room\",\"972\":\"Report to MIS Department\",\"980\":\"Store fa\\u00e7ade\",\"992\":\"70 \\u02daC\",\"997\":\"7 orders of Fried Rice\",\"1009\":\"Read the cashier\\u2019s endorsement logbook\",\"986\":\"70\\u02daC\",\"999\":\"10 ord\",\"974\":\"Switch ON the Open signage\",\"1010\":\"Administrative Assistant\",\"988\":\"Exhaust\",\"998\":\"All of the Above\",\"975\":\"Shut-off gate valve and record LPG reading\",\"973\":\"Taste and texture of food\",\"1007\":\"6 orders\",\"1001\":\"6 orders\",\"1013\":\"Invoices or sales invoices plus additional supporting documents based on the transaction type\",\"970\":\"On-duty Manager\",\"1004\":\"16 Liters\",\"1014\":\"\\u20b1200 per day\",\"982\":\"BT area\",\"1011\":\"Store Manager\",\"1003\":\"12 orders\",\"1005\":\"DR 4\",\"991\":\"4\",\"976\":\"End of day reading and deposit sales\",\"990\":\"350 \\u02daF\",\"993\":\"25 Liters\",\"994\":\"Minimum and Maximum Balance Stock\",\"1012\":\"Area Manager\"}', 0, NULL),
(57, 143, 32, 59, NULL, 60, '2026-02-26 01:12:52', '{\"959\":\"False\",\"967\":\"False\",\"962\":\"True\",\"961\":\"True\",\"966\":\"False\",\"968\":\"False\",\"964\":\"True\",\"955\":\"True\",\"969\":\"True\",\"956\":\"False\",\"965\":\"True\",\"957\":\"True\",\"963\":\"False\",\"958\":\"True\",\"960\":\"False\",\"976\":\"End of day reading and deposit sales\",\"992\":\"70 \\u02daC\",\"970\":\"On-duty Manager\",\"988\":\"Exhaust\",\"1008\":\"Name, date of birth, and type of ID\",\"980\":\"Store fa\\u00e7ade\",\"990\":\"350 \\u02daF\",\"979\":\"Dimsum, Main dish, drinks, dessert & take out\",\"1011\":\"Store Manager\",\"997\":\"7 orders of Fried Rice\",\"991\":\"4\",\"989\":\"130 pcs\",\"994\":\"Minimum and Maximum Balance Stock\",\"1006\":\"48 pcs\",\"984\":\"Comfort room\",\"981\":\"1 hour\",\"986\":\"70\\u02daC\",\"985\":\"Congee, soup, LO rice, Nanking beef, Aniseed Beef Tendon, Soy & White chicken, Dining sauces\",\"1004\":\"16 Liters\",\"982\":\"BT area\",\"1014\":\"\\u20b1200 per day\",\"999\":\"10 ord\",\"983\":\"Dishwashing area\",\"975\":\"Shut-off gate valve and record LPG reading\",\"1010\":\"Administrative Assistant\",\"996\":\"(negative) 18 \\u02daC\",\"1000\":\"0\\u00b0C to 5\\u00b0C\",\"998\":\"All of the Above\",\"993\":\"25 Liters\",\"987\":\"55 pcs\",\"1003\":\"12 orders\",\"1001\":\"6 orders\",\"972\":\"Report to MIS Department\",\"977\":\"6 days suspension\",\"1002\":\"6 orders\",\"971\":\"Log time of arrival in employee log sheet\",\"973\":\"Taste and texture of food\",\"1007\":\"6 orders\",\"974\":\"Switch ON the Open signage\",\"1013\":\"Invoices or sales invoices plus additional supporting documents based on the transaction type\",\"978\":\"All of the above\",\"1012\":\"Area Manager\",\"995\":\"55 pieces\",\"1009\":\"Read the cashier\\u2019s endorsement logbook\",\"1005\":\"DR 4\"}', 0, NULL),
(58, 143, 25, 56, NULL, 60, '2026-02-26 01:12:58', '{\"960\":\"False\",\"959\":\"True\",\"961\":\"True\",\"968\":\"True\",\"967\":\"False\",\"956\":\"False\",\"969\":\"True\",\"958\":\"True\",\"963\":\"False\",\"964\":\"True\",\"962\":\"True\",\"957\":\"True\",\"965\":\"False\",\"966\":\"False\",\"955\":\"True\",\"1012\":\"Area Manager\",\"982\":\"BT area\",\"1011\":\"Store Manager\",\"1000\":\"0\\u00b0C to 5\\u00b0C\",\"1005\":\"DR 4\",\"985\":\"Congee, soup, LO rice, Nanking beef, Aniseed Beef Tendon, Soy & White chicken, Dining sauces\",\"1003\":\"12 orders\",\"974\":\"Switch ON the Open signage\",\"973\":\"Taste and texture of food\",\"983\":\"Dishwashing area\",\"971\":\"Log time of arrival in employee log sheet\",\"978\":\"All of the above\",\"1013\":\"Invoices or sales invoices plus additional supporting documents based on the transaction type\",\"999\":\"10 ord\",\"997\":\"7 orders of Fried Rice\",\"984\":\"Comfort room\",\"1014\":\"\\u20b1200 per day\",\"1002\":\"12 orders\",\"996\":\"(negative) 18 \\u02daC\",\"981\":\"1 hour\",\"993\":\"25 Liters\",\"977\":\"6 days suspension\",\"998\":\"All of the Above\",\"989\":\"130 pcs\",\"1008\":\"Name, date of birth, and type of ID\",\"1001\":\"6 orders\",\"987\":\"55 pcs\",\"1004\":\"16 Liters\",\"972\":\"Report to MIS Department\",\"1009\":\"Read the cashier\\u2019s endorsement logbook\",\"980\":\"Store fa\\u00e7ade\",\"975\":\"Shut-off gate valve and record LPG reading\",\"995\":\"60 pieces\",\"986\":\"70\\u02daC\",\"994\":\"Minimum and Maximum Balance Stock\",\"1007\":\"6 orders\",\"976\":\"End of day reading and deposit sales\",\"979\":\"Dimsum, Main dish, drinks, dessert & take out\",\"970\":\"On-duty Manager\",\"988\":\"Exhaust\",\"990\":\"350 \\u02daF\",\"992\":\"70 \\u02daC\",\"991\":\"4\",\"1010\":\"Administrative Assistant\",\"1006\":\"48 pcs\"}', 0, NULL),
(59, 143, 30, 59, NULL, 60, '2026-02-26 01:15:20', '{\"962\":\"True\",\"966\":\"False\",\"959\":\"False\",\"957\":\"True\",\"960\":\"False\",\"964\":\"True\",\"958\":\"True\",\"965\":\"True\",\"955\":\"True\",\"968\":\"False\",\"967\":\"False\",\"961\":\"True\",\"963\":\"False\",\"969\":\"True\",\"956\":\"False\",\"976\":\"End of day reading and deposit sales\",\"997\":\"7 orders of Fried Rice\",\"993\":\"25 Liters\",\"1005\":\"DR 4\",\"999\":\"10 ord\",\"998\":\"All of the Above\",\"987\":\"55 pcs\",\"970\":\"On-duty Manager\",\"977\":\"6 days suspension\",\"996\":\"(negative) 18 \\u02daC\",\"1007\":\"6 orders\",\"979\":\"Dimsum, Main dish, drinks, dessert & take out\",\"1013\":\"Invoices or sales invoices plus additional supporting documents based on the transaction type\",\"992\":\"70 \\u02daC\",\"1001\":\"6 orders\",\"971\":\"Log time of arrival in employee log sheet\",\"1011\":\"Store Manager\",\"1012\":\"Area Manager\",\"983\":\"Dishwashing area\",\"989\":\"130 pcs\",\"973\":\"Taste and texture of food\",\"978\":\"All of the above\",\"1004\":\"16 Liters\",\"991\":\"4\",\"1006\":\"48 pcs\",\"1000\":\"0\\u00b0C to 5\\u00b0C\",\"1014\":\"\\u20b1200 per day\",\"975\":\"Shut-off gate valve and record LPG reading\",\"984\":\"Comfort room\",\"1003\":\"12 orders\",\"988\":\"Exhaust\",\"994\":\"Minimum and Maximum Balance Stock\",\"980\":\"Store fa\\u00e7ade\",\"1010\":\"Administrative Assistant\",\"1009\":\"Read the cashier\\u2019s endorsement logbook\",\"974\":\"Switch ON the Open signage\",\"1002\":\"6 orders\",\"990\":\"350 \\u02daF\",\"982\":\"BT area\",\"981\":\"1 hour\",\"1008\":\"Name, date of birth, and type of ID\",\"986\":\"60\\u02daC\",\"985\":\"Congee, soup, LO rice, Nanking beef, Aniseed Beef Tendon, Soy & White chicken, Dining sauces\",\"972\":\"Report to MIS Department\",\"995\":\"60 pieces\"}', 0, NULL),
(60, 143, 35, 57, NULL, 60, '2026-02-26 01:15:25', '{\"962\":\"True\",\"960\":\"False\",\"955\":\"True\",\"964\":\"True\",\"969\":\"True\",\"957\":\"False\",\"963\":\"False\",\"966\":\"False\",\"956\":\"False\",\"965\":\"True\",\"958\":\"True\",\"967\":\"False\",\"959\":\"False\",\"968\":\"False\",\"961\":\"True\",\"1002\":\"12 orders\",\"981\":\"1 hour\",\"977\":\"6 days suspension\",\"973\":\"Taste and texture of food\",\"998\":\"All of the Above\",\"970\":\"On-duty Manager\",\"1003\":\"12 orders\",\"999\":\"10 ord\",\"980\":\"Store fa\\u00e7ade\",\"1013\":\"Invoices or sales invoices plus additional supporting documents based on the transaction type\",\"983\":\"Dishwashing area\",\"1006\":\"48 pcs\",\"982\":\"BT area\",\"993\":\"25 Liters\",\"986\":\"70\\u02daC\",\"994\":\"Minimum and Maximum Balance Stock\",\"1011\":\"Store Manager\",\"997\":\"7 orders of Fried Rice\",\"1009\":\"Read the cashier\\u2019s endorsement logbook\",\"1005\":\"DR 4\",\"1001\":\"6 orders\",\"985\":\"Congee, soup, LO rice, Nanking beef, Aniseed Beef Tendon, Soy & White chicken, Dining sauces\",\"987\":\"55 pcs\",\"988\":\"Exhaust\",\"972\":\"Report to MIS Department\",\"991\":\"4\",\"975\":\"Shut-off gate valve and record LPG reading\",\"1012\":\"Area Manager\",\"990\":\"350 \\u02daF\",\"989\":\"130 pcs\",\"1008\":\"Name, date of birth, and type of ID\",\"978\":\"All of the above\",\"976\":\"End of day reading and deposit sales\",\"996\":\"(negative) 18 \\u02daC\",\"1014\":\"\\u20b1200 per day\",\"979\":\"Dimsum, Main dish, drinks, dessert & take out\",\"971\":\"Log time of arrival in employee log sheet\",\"1007\":\"6 orders\",\"995\":\"60 pieces\",\"1010\":\"Administrative Assistant\",\"992\":\"100 \\u02daC\",\"1000\":\"0\\u00b0C to 5\\u00b0C\",\"1004\":\"16 Liters\",\"984\":\"Comfort room\",\"974\":\"Switch ON the Open signage\"}', 0, NULL),
(61, 143, 28, 59, NULL, 60, '2026-02-26 01:16:35', '{\"963\":\"False\",\"955\":\"True\",\"957\":\"True\",\"965\":\"True\",\"964\":\"True\",\"960\":\"False\",\"961\":\"True\",\"969\":\"True\",\"958\":\"True\",\"966\":\"False\",\"959\":\"False\",\"968\":\"False\",\"967\":\"False\",\"956\":\"False\",\"962\":\"True\",\"977\":\"6 days suspension\",\"996\":\"(negative) 18 \\u02daC\",\"973\":\"Taste and texture of food\",\"1004\":\"16 Liters\",\"971\":\"Read endorsement logbook\",\"1010\":\"Administrative Assistant\",\"1014\":\"\\u20b1200 per day\",\"1003\":\"12 orders\",\"1002\":\"6 orders\",\"1000\":\"0\\u00b0C to 5\\u00b0C\",\"992\":\"70 \\u02daC\",\"983\":\"Dishwashing area\",\"993\":\"25 Liters\",\"975\":\"Shut-off gate valve and record LPG reading\",\"1005\":\"DR 4\",\"986\":\"70\\u02daC\",\"1001\":\"6 orders\",\"998\":\"All of the Above\",\"985\":\"Congee, soup, LO rice, Nanking beef, Aniseed Beef Tendon, Soy & White chicken, Dining sauces\",\"1008\":\"Name, date of birth, and type of ID\",\"1013\":\"Invoices or sales invoices plus additional supporting documents based on the transaction type\",\"981\":\"1 hour\",\"978\":\"All of the above\",\"976\":\"End of day reading and deposit sales\",\"980\":\"Store fa\\u00e7ade\",\"999\":\"10 ord\",\"982\":\"BT area\",\"990\":\"350 \\u02daF\",\"991\":\"4\",\"988\":\"Exhaust\",\"1009\":\"Read the cashier\\u2019s endorsement logbook\",\"995\":\"60 pieces\",\"994\":\"Minimum and Maximum Balance Stock\",\"970\":\"On-duty Manager\",\"1007\":\"6 orders\",\"979\":\"Dimsum, Main dish, drinks, dessert & take out\",\"997\":\"7 orders of Fried Rice\",\"972\":\"Report to MIS Department\",\"974\":\"Switch ON the Open signage\",\"1012\":\"Area Manager\",\"989\":\"130 pcs\",\"1006\":\"48 pcs\",\"987\":\"55 pcs\",\"984\":\"Comfort room\",\"1011\":\"Store Manager\"}', 0, NULL),
(62, 143, 27, 56, NULL, 60, '2026-02-26 01:18:43', '{\"960\":\"False\",\"956\":\"False\",\"968\":\"False\",\"961\":\"True\",\"965\":\"True\",\"969\":\"True\",\"957\":\"True\",\"966\":\"False\",\"962\":\"True\",\"963\":\"False\",\"955\":\"True\",\"959\":\"False\",\"964\":\"True\",\"967\":\"False\",\"958\":\"True\",\"975\":\"Shut-off gate valve and record LPG reading\",\"1012\":\"Area Manager\",\"995\":\"55 pieces\",\"999\":\"10 ord\",\"994\":\"Minimum and Maximum Balance Stock\",\"979\":\"Dimsum, Main dish, drinks, dessert & take out\",\"1001\":\"6 orders\",\"992\":\"70 \\u02daC\",\"983\":\"Dishwashing area\",\"1003\":\"12 orders\",\"997\":\"7 orders of Fried Rice\",\"977\":\"6 days suspension\",\"1007\":\"6 orders\",\"970\":\"On-duty Manager\",\"1009\":\"Read the cashier\\u2019s endorsement logbook\",\"991\":\"4\",\"996\":\"(negative) 18 \\u02daC\",\"976\":\"End of day reading and deposit sales\",\"981\":\"1 hour\",\"1014\":\"\\u20b1200 per day\",\"987\":\"55 pcs\",\"985\":\"Congee, soup, LO rice, Nanking beef, Aniseed Beef Tendon, Soy & White chicken, Dining sauces\",\"1002\":\"12 orders\",\"972\":\"Report to MIS Department\",\"993\":\"15 Liters\",\"1005\":\"DR 4\",\"1006\":\"48 pcs\",\"986\":\"70\\u02daC\",\"990\":\"350 \\u02daF\",\"980\":\"Store fa\\u00e7ade\",\"973\":\"Equipment temperature checking\",\"1004\":\"16 Liters\",\"1010\":\"Administrative Assistant\",\"971\":\"Log time of arrival in employee log sheet\",\"978\":\"All of the above\",\"984\":\"Comfort room\",\"974\":\"Switch ON the Open signage\",\"1013\":\"Invoices or sales invoices plus additional supporting documents based on the transaction type\",\"998\":\"All of the Above\",\"988\":\"Exhaust\",\"1011\":\"Store Manager\",\"1008\":\"Name, date of birth, and type of ID\",\"989\":\"130 pcs\",\"1000\":\"0\\u00b0C to 5\\u00b0C\",\"982\":\"BT area\"}', 0, NULL),
(63, 143, 36, 58, NULL, 60, '2026-02-26 01:19:31', '{\"969\":\"True\",\"964\":\"True\",\"958\":\"True\",\"966\":\"False\",\"955\":\"True\",\"961\":\"True\",\"963\":\"False\",\"962\":\"True\",\"967\":\"False\",\"968\":\"True\",\"956\":\"False\",\"959\":\"False\",\"960\":\"False\",\"957\":\"True\",\"965\":\"True\",\"1005\":\"DR 4\",\"1006\":\"48 pcs\",\"980\":\"Store fa\\u00e7ade\",\"987\":\"55 pcs\",\"977\":\"6 days suspension\",\"975\":\"Shut-off gate valve and record LPG reading\",\"1002\":\"6 orders\",\"1010\":\"Administrative Assistant\",\"979\":\"Dimsum, Main dish, drinks, dessert & take out\",\"994\":\"Minimum and Maximum Balance Stock\",\"1000\":\"0\\u00b0C to 5\\u00b0C\",\"995\":\"55 pieces\",\"989\":\"130 pcs\",\"998\":\"All of the Above\",\"976\":\"End of day reading and deposit sales\",\"990\":\"350 \\u02daF\",\"1009\":\"Read the cashier\\u2019s endorsement logbook\",\"970\":\"On-duty Manager\",\"972\":\"Report to MIS Department\",\"1004\":\"16 Liters\",\"978\":\"All of the above\",\"991\":\"4\",\"988\":\"Exhaust\",\"1003\":\"12 orders\",\"984\":\"Comfort room\",\"993\":\"25 Liters\",\"996\":\"(negative) 18 \\u02daC\",\"1012\":\"Area Manager\",\"974\":\"Switch ON the Open signage\",\"973\":\"Taste and texture of food\",\"999\":\"10 ord\",\"971\":\"Log time of arrival in employee log sheet\",\"1007\":\"6 orders\",\"985\":\"Congee, soup, LO rice, Nanking beef, Aniseed Beef Tendon, Soy & White chicken, Dining sauces\",\"981\":\"1 hour\",\"1014\":\"\\u20b1200 per day\",\"997\":\"7 orders of Fried Rice\",\"983\":\"Dishwashing area\",\"1008\":\"Name, date of birth, and type of ID\",\"1001\":\"6 orders\",\"986\":\"70\\u02daC\",\"982\":\"BT area\",\"1013\":\"Invoices or sales invoices plus additional supporting documents based on the transaction type\",\"992\":\"70 \\u02daC\",\"1011\":\"Store Manager\"}', 0, NULL),
(64, 143, 34, 52, NULL, 60, '2026-02-26 01:19:45', '{\"968\":\"False\",\"969\":\"True\",\"962\":\"True\",\"955\":\"True\",\"959\":\"False\",\"965\":\"True\",\"956\":\"False\",\"963\":\"False\",\"964\":\"True\",\"961\":\"True\",\"957\":\"True\",\"967\":\"False\",\"966\":\"False\",\"958\":\"True\",\"960\":\"False\",\"994\":\"Minimum and Maximum Balance Stock\",\"1013\":\"Invoices or sales invoices plus additional supporting documents based on the transaction type\",\"974\":\"Switch ON the Open signage\",\"985\":\"Congee, soup, LO rice, Nanking beef, Aniseed Beef Tendon, Soy & White chicken, Dining sauces\",\"1000\":\"0\\u00b0C to 5\\u00b0C\",\"971\":\"Read endorsement logbook\",\"972\":\"Report to MIS Department\",\"1010\":\"Administrative Assistant\",\"987\":\"55 pcs\",\"1003\":\"12 orders\",\"975\":\"Shut-off gate valve and record LPG reading\",\"998\":\"All of the Above\",\"977\":\"6 days suspension\",\"989\":\"130 pcs\",\"988\":\"Exhaust\",\"1012\":\"Area Manager\",\"1005\":\"DR 4\",\"999\":\"10 ord\",\"995\":\"60 pieces\",\"997\":\"8 orders of Fried Rice\",\"970\":\"On-duty Manager\",\"986\":\"70\\u02daC\",\"983\":\"Dishwashing area\",\"982\":\"BT area\",\"973\":\"Taste and texture of food\",\"1008\":\"Name, date of birth, and type of ID\",\"1014\":\"\\u20b1200 per day\",\"1004\":\"16 Liters\",\"1006\":\"48 pcs\",\"992\":\"70 \\u02daC\",\"1009\":\"Log in to the POS\",\"1002\":\"12 orders\",\"996\":\"(negative) 5 \\u02daC\",\"980\":\"Store fa\\u00e7ade\",\"1001\":\"6 orders\",\"1007\":\"12 orders\",\"981\":\"1 hour\",\"991\":\"4\",\"978\":\"All of the above\",\"979\":\"Dimsum, Main dish, drinks, dessert & take out\",\"984\":\"Comfort room\",\"993\":\"10 Liters\",\"990\":\"300 \\u02daF\",\"976\":\"End of day reading and deposit sales\",\"1011\":\"Store Manager\"}', 0, NULL),
(65, 143, 38, 59, NULL, 60, '2026-02-26 01:20:00', '{\"959\":\"False\",\"967\":\"False\",\"961\":\"True\",\"969\":\"True\",\"957\":\"True\",\"960\":\"False\",\"963\":\"False\",\"962\":\"True\",\"965\":\"True\",\"964\":\"True\",\"956\":\"False\",\"968\":\"False\",\"966\":\"False\",\"955\":\"True\",\"958\":\"True\",\"1010\":\"Administrative Assistant\",\"1006\":\"48 pcs\",\"1011\":\"Store Manager\",\"982\":\"BT area\",\"1014\":\"\\u20b1200 per day\",\"1013\":\"Invoices or sales invoices plus additional supporting documents based on the transaction type\",\"999\":\"10 ord\",\"1009\":\"Read the cashier\\u2019s endorsement logbook\",\"973\":\"Taste and texture of food\",\"1000\":\"0\\u00b0C to 5\\u00b0C\",\"1008\":\"Name, date of birth, and type of ID\",\"985\":\"Congee, soup, LO rice, Nanking beef, Aniseed Beef Tendon, Soy & White chicken, Dining sauces\",\"972\":\"Report to MIS Department\",\"1002\":\"12 orders\",\"1004\":\"16 Liters\",\"979\":\"Dimsum, Main dish, drinks, dessert & take out\",\"1001\":\"6 orders\",\"981\":\"1 hour\",\"995\":\"60 pieces\",\"1005\":\"DR 4\",\"1007\":\"6 orders\",\"978\":\"All of the above\",\"987\":\"55 pcs\",\"998\":\"All of the Above\",\"993\":\"25 Liters\",\"971\":\"Log time of arrival in employee log sheet\",\"983\":\"Dishwashing area\",\"986\":\"70\\u02daC\",\"984\":\"Comfort room\",\"1012\":\"Area Manager\",\"974\":\"Switch ON the Open signage\",\"990\":\"350 \\u02daF\",\"976\":\"End of day reading and deposit sales\",\"991\":\"4\",\"975\":\"Shut-off gate valve and record LPG reading\",\"989\":\"130 pcs\",\"996\":\"(negative) 18 \\u02daC\",\"994\":\"Minimum and Maximum Balance Stock\",\"970\":\"On-duty Manager\",\"992\":\"70 \\u02daC\",\"977\":\"6 days suspension\",\"997\":\"7 orders of Fried Rice\",\"988\":\"Exhaust\",\"1003\":\"12 orders\",\"980\":\"Store fa\\u00e7ade\"}', 0, NULL),
(66, 143, 39, 59, NULL, 60, '2026-02-26 01:20:14', '{\"965\":\"True\",\"968\":\"False\",\"960\":\"False\",\"962\":\"True\",\"967\":\"False\",\"958\":\"True\",\"969\":\"True\",\"966\":\"False\",\"961\":\"True\",\"956\":\"False\",\"957\":\"True\",\"955\":\"True\",\"963\":\"False\",\"964\":\"True\",\"959\":\"False\",\"989\":\"130 pcs\",\"978\":\"All of the above\",\"1009\":\"Read the cashier\\u2019s endorsement logbook\",\"994\":\"Minimum and Maximum Balance Stock\",\"1006\":\"48 pcs\",\"985\":\"Congee, soup, LO rice, Nanking beef, Aniseed Beef Tendon, Soy & White chicken, Dining sauces\",\"983\":\"Dishwashing area\",\"986\":\"70\\u02daC\",\"1010\":\"Administrative Assistant\",\"990\":\"350 \\u02daF\",\"980\":\"Store fa\\u00e7ade\",\"991\":\"4\",\"981\":\"1 hour\",\"1003\":\"12 orders\",\"1007\":\"6 orders\",\"976\":\"End of day reading and deposit sales\",\"997\":\"7 orders of Fried Rice\",\"975\":\"Shut-off gate valve and record LPG reading\",\"971\":\"Log time of arrival in employee log sheet\",\"1002\":\"12 orders\",\"999\":\"10 ord\",\"995\":\"60 pieces\",\"1013\":\"Invoices or sales invoices plus additional supporting documents based on the transaction type\",\"988\":\"Exhaust\",\"982\":\"BT area\",\"996\":\"(negative) 18 \\u02daC\",\"1000\":\"0\\u00b0C to 5\\u00b0C\",\"998\":\"All of the Above\",\"972\":\"Report to MIS Department\",\"1011\":\"Store Manager\",\"974\":\"Switch ON the Open signage\",\"1012\":\"Area Manager\",\"977\":\"6 days suspension\",\"1014\":\"\\u20b1200 per day\",\"979\":\"Dimsum, Main dish, drinks, dessert & take out\",\"993\":\"25 Liters\",\"970\":\"On-duty Manager\",\"1005\":\"DR 4\",\"1004\":\"16 Liters\",\"1001\":\"6 orders\",\"1008\":\"Name, date of birth, and type of ID\",\"984\":\"Comfort room\",\"987\":\"55 pcs\",\"973\":\"Taste and texture of food\",\"992\":\"70 \\u02daC\"}', 0, NULL),
(67, 144, 31, 19, NULL, 20, '2026-02-26 01:20:31', '{\"1024\":\"MALI\",\"1023\":\"MALI\",\"1019\":\"TAMA\",\"1016\":\"MALI\",\"1015\":\"TAMA\",\"1022\":\"MALI\",\"1018\":\"TAMA\",\"1021\":\"TAMA\",\"1017\":\"MALI\",\"1020\":\"TAMA\",\"1029\":\"All of the Above\",\"1026\":\"Sundin ang General Cleaning Procedures, mga polisiya sa Quality Standards at Pest Management Control Control at Waste Management Program.\",\"1028\":\"Lahat ng mga nabanggit\",\"1033\":\"Lahat ng Nabanggit\",\"1034\":\"Alamin at iverify muna kung totoo ang balita bago umaksyon\",\"1030\":\"Allergen\",\"1031\":\"First In - First Out\",\"1027\":\"At least Isang beses sa isang buwan\",\"1025\":\"Good Manufacturing Practices\",\"1032\":\"Lahat ng Nabanggit\"}', 0, NULL),
(68, 143, 37, 59, NULL, 60, '2026-02-26 01:21:15', '{\"968\":\"False\",\"967\":\"False\",\"958\":\"True\",\"966\":\"False\",\"965\":\"True\",\"959\":\"False\",\"955\":\"True\",\"960\":\"False\",\"964\":\"True\",\"957\":\"True\",\"969\":\"True\",\"956\":\"False\",\"963\":\"False\",\"961\":\"True\",\"962\":\"True\",\"987\":\"55 pcs\",\"972\":\"Report to MIS Department\",\"985\":\"Congee, soup, LO rice, Nanking beef, Aniseed Beef Tendon, Soy & White chicken, Dining sauces\",\"1009\":\"Read the cashier\\u2019s endorsement logbook\",\"982\":\"BT area\",\"1000\":\"0\\u00b0C to 5\\u00b0C\",\"1001\":\"6 orders\",\"1013\":\"Invoices or sales invoices plus additional supporting documents based on the transaction type\",\"1012\":\"Area Manager\",\"1004\":\"16 Liters\",\"973\":\"Taste and texture of food\",\"1007\":\"6 orders\",\"980\":\"Store fa\\u00e7ade\",\"996\":\"(negative) 18 \\u02daC\",\"993\":\"25 Liters\",\"1003\":\"12 orders\",\"1011\":\"Store Manager\",\"971\":\"Read endorsement logbook\",\"975\":\"Shut-off gate valve and record LPG reading\",\"989\":\"130 pcs\",\"976\":\"End of day reading and deposit sales\",\"1005\":\"DR 4\",\"988\":\"Exhaust\",\"1008\":\"Name, date of birth, and type of ID\",\"998\":\"All of the Above\",\"970\":\"On-duty Manager\",\"1006\":\"48 pcs\",\"999\":\"10 ord\",\"1002\":\"6 orders\",\"1014\":\"\\u20b1200 per day\",\"991\":\"4\",\"997\":\"7 orders of Fried Rice\",\"995\":\"60 pieces\",\"981\":\"1 hour\",\"984\":\"Comfort room\",\"1010\":\"Administrative Assistant\",\"977\":\"6 days suspension\",\"994\":\"Minimum and Maximum Balance Stock\",\"990\":\"350 \\u02daF\",\"983\":\"Dishwashing area\",\"986\":\"70\\u02daC\",\"974\":\"Switch ON the Open signage\",\"992\":\"70 \\u02daC\",\"979\":\"Dimsum, Main dish, drinks, dessert & take out\",\"978\":\"All of the above\"}', 0, NULL),
(69, 144, 35, 19, NULL, 20, '2026-02-26 01:21:23', '{\"1023\":\"MALI\",\"1018\":\"TAMA\",\"1016\":\"MALI\",\"1015\":\"TAMA\",\"1017\":\"MALI\",\"1020\":\"MALI\",\"1024\":\"MALI\",\"1022\":\"MALI\",\"1021\":\"MALI\",\"1019\":\"TAMA\",\"1031\":\"First In - First Out\",\"1034\":\"Alamin at iverify muna kung totoo ang balita bago umaksyon\",\"1033\":\"Lahat ng Nabanggit\",\"1028\":\"Lahat ng mga nabanggit\",\"1030\":\"Allergen\",\"1029\":\"All of the Above\",\"1026\":\"Sundin ang General Cleaning Procedures, mga polisiya sa Quality Standards at Pest Management Control Control at Waste Management Program.\",\"1027\":\"At least Isang beses sa isang buwan\",\"1025\":\"Good Manufacturing Practices\",\"1032\":\"Lahat ng Nabanggit\"}', 0, NULL),
(70, 144, 30, 19, NULL, 20, '2026-02-26 01:21:25', '{\"1016\":\"MALI\",\"1017\":\"MALI\",\"1021\":\"TAMA\",\"1019\":\"TAMA\",\"1020\":\"TAMA\",\"1015\":\"TAMA\",\"1023\":\"MALI\",\"1024\":\"MALI\",\"1022\":\"MALI\",\"1018\":\"TAMA\",\"1029\":\"All of the Above\",\"1030\":\"Allergen\",\"1028\":\"Lahat ng mga nabanggit\",\"1025\":\"Good Manufacturing Practices\",\"1033\":\"Lahat ng Nabanggit\",\"1034\":\"Alamin at iverify muna kung totoo ang balita bago umaksyon\",\"1031\":\"First In - First Out\",\"1026\":\"Sundin ang General Cleaning Procedures, mga polisiya sa Quality Standards at Pest Management Control Control at Waste Management Program.\",\"1027\":\"At least Isang beses sa isang buwan\",\"1032\":\"Lahat ng Nabanggit\"}', 0, NULL),
(71, 143, 33, 59, NULL, 60, '2026-02-26 01:21:26', '{\"957\":\"True\",\"958\":\"True\",\"961\":\"True\",\"959\":\"False\",\"969\":\"True\",\"965\":\"True\",\"960\":\"False\",\"968\":\"False\",\"963\":\"False\",\"967\":\"False\",\"956\":\"False\",\"955\":\"True\",\"962\":\"True\",\"964\":\"True\",\"966\":\"False\",\"995\":\"60 pieces\",\"974\":\"Switch ON the Open signage\",\"985\":\"Congee, soup, LO rice, Nanking beef, Aniseed Beef Tendon, Soy & White chicken, Dining sauces\",\"989\":\"130 pcs\",\"1011\":\"Store Manager\",\"980\":\"Store fa\\u00e7ade\",\"970\":\"On-duty Manager\",\"971\":\"Log time of arrival in employee log sheet\",\"994\":\"Minimum and Maximum Balance Stock\",\"976\":\"End of day reading and deposit sales\",\"972\":\"Report to MIS Department\",\"1014\":\"\\u20b1200 per day\",\"1007\":\"6 orders\",\"999\":\"10 ord\",\"1005\":\"DR 4\",\"1002\":\"12 orders\",\"991\":\"4\",\"984\":\"Comfort room\",\"1006\":\"48 pcs\",\"988\":\"Exhaust\",\"996\":\"(negative) 18 \\u02daC\",\"1000\":\"0\\u00b0C to 5\\u00b0C\",\"1012\":\"Area Manager\",\"977\":\"6 days suspension\",\"982\":\"BT area\",\"1010\":\"Administrative Assistant\",\"979\":\"Dimsum, Main dish, drinks, dessert & take out\",\"973\":\"Taste and texture of food\",\"983\":\"Dishwashing area\",\"1004\":\"16 Liters\",\"1003\":\"12 orders\",\"975\":\"Shut-off gate valve and record LPG reading\",\"981\":\"1 hour\",\"978\":\"All of the above\",\"992\":\"70 \\u02daC\",\"987\":\"55 pcs\",\"1001\":\"6 orders\",\"997\":\"7 orders of Fried Rice\",\"1013\":\"Invoices or sales invoices plus additional supporting documents based on the transaction type\",\"990\":\"350 \\u02daF\",\"993\":\"25 Liters\",\"1009\":\"Read the cashier\\u2019s endorsement logbook\",\"986\":\"70\\u02daC\",\"998\":\"All of the Above\",\"1008\":\"Name, date of birth, and type of ID\"}', 0, NULL),
(72, 144, 25, 16, NULL, 20, '2026-02-26 01:21:56', '{\"1021\":\"TAMA\",\"1020\":\"TAMA\",\"1016\":\"MALI\",\"1024\":\"MALI\",\"1017\":\"MALI\",\"1023\":\"TAMA\",\"1022\":\"MALI\",\"1015\":\"TAMA\",\"1019\":\"TAMA\",\"1018\":\"TAMA\",\"1029\":\"Restaurant\",\"1034\":\"Alamin at iverify muna kung totoo ang balita bago umaksyon\",\"1025\":\"Good Manufacturing Practices\",\"1032\":\"Lahat ng Nabanggit\",\"1031\":\"First In - First Out\",\"1027\":\"At least Isang beses sa isang buwan\",\"1026\":\"Sundin ang General Cleaning Procedures, mga polisiya sa Quality Standards at Pest Management Control Control at Waste Management Program.\",\"1030\":\"Allergen\",\"1033\":\"Mag apologize at maging magalang\",\"1028\":\"Lahat ng mga nabanggit\"}', 0, NULL),
(73, 144, 28, 19, NULL, 20, '2026-02-26 01:22:25', '{\"1021\":\"TAMA\",\"1018\":\"TAMA\",\"1015\":\"TAMA\",\"1020\":\"TAMA\",\"1016\":\"MALI\",\"1019\":\"TAMA\",\"1023\":\"MALI\",\"1022\":\"MALI\",\"1024\":\"MALI\",\"1017\":\"MALI\",\"1025\":\"Good Manufacturing Practices\",\"1030\":\"Allergen\",\"1031\":\"First In - First Out\",\"1026\":\"Sundin ang General Cleaning Procedures, mga polisiya sa Quality Standards at Pest Management Control Control at Waste Management Program.\",\"1033\":\"Lahat ng Nabanggit\",\"1034\":\"Alamin at iverify muna kung totoo ang balita bago umaksyon\",\"1027\":\"At least Isang beses sa isang buwan\",\"1029\":\"All of the Above\",\"1028\":\"Lahat ng mga nabanggit\",\"1032\":\"Lahat ng Nabanggit\"}', 0, NULL),
(74, 143, 26, 59, NULL, 60, '2026-02-26 01:22:57', '{\"967\":\"False\",\"963\":\"False\",\"969\":\"True\",\"961\":\"True\",\"965\":\"True\",\"962\":\"True\",\"966\":\"False\",\"960\":\"False\",\"957\":\"True\",\"968\":\"False\",\"956\":\"False\",\"959\":\"False\",\"964\":\"True\",\"955\":\"True\",\"958\":\"True\",\"1001\":\"6 orders\",\"1006\":\"48 pcs\",\"993\":\"25 Liters\",\"990\":\"350 \\u02daF\",\"1002\":\"12 orders\",\"1004\":\"16 Liters\",\"975\":\"Shut-off gate valve and record LPG reading\",\"972\":\"Report to MIS Department\",\"998\":\"All of the Above\",\"985\":\"Congee, soup, LO rice, Nanking beef, Aniseed Beef Tendon, Soy & White chicken, Dining sauces\",\"1011\":\"Store Manager\",\"988\":\"Exhaust\",\"973\":\"Taste and texture of food\",\"978\":\"All of the above\",\"974\":\"Switch ON the Open signage\",\"971\":\"Log time of arrival in employee log sheet\",\"1013\":\"Invoices or sales invoices plus additional supporting documents based on the transaction type\",\"995\":\"60 pieces\",\"997\":\"7 orders of Fried Rice\",\"982\":\"BT area\",\"994\":\"Minimum and Maximum Balance Stock\",\"991\":\"4\",\"987\":\"55 pcs\",\"1008\":\"Name, date of birth, and type of ID\",\"979\":\"Dimsum, Main dish, drinks, dessert & take out\",\"970\":\"On-duty Manager\",\"1010\":\"Administrative Assistant\",\"1012\":\"Area Manager\",\"976\":\"End of day reading and deposit sales\",\"989\":\"130 pcs\",\"983\":\"Dishwashing area\",\"1000\":\"0\\u00b0C to 5\\u00b0C\",\"1014\":\"\\u20b1200 per day\",\"1007\":\"6 orders\",\"996\":\"(negative) 18 \\u02daC\",\"1009\":\"Read the cashier\\u2019s endorsement logbook\",\"977\":\"6 days suspension\",\"980\":\"Store fa\\u00e7ade\",\"999\":\"10 ord\",\"1005\":\"DR 4\",\"986\":\"70\\u02daC\",\"1003\":\"12 orders\",\"992\":\"70 \\u02daC\",\"984\":\"Comfort room\",\"981\":\"1 hour\"}', 0, NULL),
(75, 144, 32, 19, NULL, 20, '2026-02-26 01:23:26', '{\"1019\":\"TAMA\",\"1017\":\"MALI\",\"1022\":\"MALI\",\"1016\":\"MALI\",\"1021\":\"TAMA\",\"1023\":\"MALI\",\"1015\":\"TAMA\",\"1020\":\"TAMA\",\"1024\":\"MALI\",\"1018\":\"TAMA\",\"1029\":\"All of the Above\",\"1032\":\"Lahat ng Nabanggit\",\"1028\":\"Lahat ng mga nabanggit\",\"1030\":\"Allergen\",\"1034\":\"Alamin at iverify muna kung totoo ang balita bago umaksyon\",\"1031\":\"First In - First Out\",\"1027\":\"At least Isang beses sa isang buwan\",\"1025\":\"Good Manufacturing Practices\",\"1033\":\"Lahat ng Nabanggit\",\"1026\":\"Sundin ang General Cleaning Procedures, mga polisiya sa Quality Standards at Pest Management Control Control at Waste Management Program.\"}', 0, NULL),
(76, 144, 38, 18, NULL, 20, '2026-02-26 01:25:00', '{\"1016\":\"TAMA\",\"1017\":\"MALI\",\"1020\":\"TAMA\",\"1015\":\"TAMA\",\"1019\":\"TAMA\",\"1023\":\"MALI\",\"1022\":\"MALI\",\"1021\":\"TAMA\",\"1018\":\"TAMA\",\"1024\":\"MALI\",\"1032\":\"Lahat ng Nabanggit\",\"1030\":\"Allergen\",\"1031\":\"First In - First Out\",\"1026\":\"Sundin ang General Cleaning Procedures, mga polisiya sa Quality Standards at Pest Management Control Control at Waste Management Program.\",\"1027\":\"At least Isang beses sa isang buwan\",\"1028\":\"Lahat ng mga nabanggit\",\"1034\":\"Alamin at iverify muna kung totoo ang balita bago umaksyon\",\"1029\":\"All of the Above\",\"1025\":\"Good Manufacturing Practices\",\"1033\":\"Lahat ng Nabanggit\"}', 0, NULL),
(77, 144, 36, 19, NULL, 20, '2026-02-26 01:26:19', '{\"1023\":\"MALI\",\"1017\":\"MALI\",\"1016\":\"MALI\",\"1024\":\"MALI\",\"1021\":\"TAMA\",\"1019\":\"TAMA\",\"1018\":\"TAMA\",\"1020\":\"TAMA\",\"1015\":\"TAMA\",\"1022\":\"MALI\",\"1034\":\"Alamin at iverify muna kung totoo ang balita bago umaksyon\",\"1025\":\"Good Manufacturing Practices\",\"1033\":\"Lahat ng Nabanggit\",\"1027\":\"At least Isang beses sa isang buwan\",\"1028\":\"Lahat ng mga nabanggit\",\"1032\":\"Lahat ng Nabanggit\",\"1031\":\"First In - First Out\",\"1030\":\"Allergen\",\"1026\":\"Sundin ang General Cleaning Procedures, mga polisiya sa Quality Standards at Pest Management Control Control at Waste Management Program.\",\"1029\":\"All of the Above\"}', 0, NULL),
(78, 144, 34, 19, NULL, 20, '2026-02-26 01:26:31', '{\"1017\":\"MALI\",\"1022\":\"MALI\",\"1020\":\"TAMA\",\"1024\":\"MALI\",\"1021\":\"TAMA\",\"1016\":\"MALI\",\"1018\":\"TAMA\",\"1015\":\"TAMA\",\"1023\":\"MALI\",\"1019\":\"TAMA\",\"1028\":\"Lahat ng mga nabanggit\",\"1026\":\"Sundin ang General Cleaning Procedures, mga polisiya sa Quality Standards at Pest Management Control Control at Waste Management Program.\",\"1027\":\"At least Isang beses sa isang buwan\",\"1031\":\"First In - First Out\",\"1025\":\"Good Manufacturing Practices\",\"1029\":\"All of the Above\",\"1030\":\"Allergen\",\"1033\":\"Lahat ng Nabanggit\",\"1032\":\"Lahat ng Nabanggit\",\"1034\":\"Alamin at iverify muna kung totoo ang balita bago umaksyon\"}', 0, NULL),
(79, 144, 27, 18, NULL, 20, '2026-02-26 01:26:51', '{\"1018\":\"TAMA\",\"1019\":\"TAMA\",\"1022\":\"MALI\",\"1021\":\"TAMA\",\"1020\":\"TAMA\",\"1017\":\"MALI\",\"1016\":\"MALI\",\"1024\":\"MALI\",\"1015\":\"TAMA\",\"1023\":\"TAMA\",\"1025\":\"Good Manufacturing Practices\",\"1032\":\"Lahat ng Nabanggit\",\"1026\":\"Sundin ang General Cleaning Procedures, mga polisiya sa Quality Standards at Pest Management Control Control at Waste Management Program.\",\"1033\":\"Lahat ng Nabanggit\",\"1034\":\"Alamin at iverify muna kung totoo ang balita bago umaksyon\",\"1031\":\"First In - First Out\",\"1029\":\"All of the Above\",\"1027\":\"At least Isang beses sa isang buwan\",\"1028\":\"Lahat ng mga nabanggit\",\"1030\":\"Allergen\"}', 0, NULL),
(80, 143, 29, 59, NULL, 60, '2026-02-26 01:26:58', '{\"958\":\"True\",\"962\":\"True\",\"963\":\"False\",\"966\":\"False\",\"957\":\"True\",\"969\":\"True\",\"956\":\"False\",\"959\":\"False\",\"955\":\"True\",\"961\":\"True\",\"964\":\"True\",\"967\":\"False\",\"960\":\"False\",\"965\":\"True\",\"968\":\"False\",\"1013\":\"Invoices or sales invoices plus additional supporting documents based on the transaction type\",\"984\":\"Comfort room\",\"990\":\"350 \\u02daF\",\"993\":\"25 Liters\",\"985\":\"Congee, soup, LO rice, Nanking beef, Aniseed Beef Tendon, Soy & White chicken, Dining sauces\",\"1012\":\"Area Manager\",\"994\":\"Minimum and Maximum Balance Stock\",\"982\":\"BT area\",\"983\":\"Dishwashing area\",\"995\":\"55 pieces\",\"1001\":\"6 orders\",\"1005\":\"DR 4\",\"1003\":\"12 orders\",\"999\":\"10 ord\",\"980\":\"Store fa\\u00e7ade\",\"979\":\"Dimsum, Main dish, drinks, dessert & take out\",\"1009\":\"Read the cashier\\u2019s endorsement logbook\",\"991\":\"4\",\"1002\":\"6 orders\",\"1000\":\"0\\u00b0C to 5\\u00b0C\",\"986\":\"70\\u02daC\",\"1008\":\"Name, date of birth, and type of ID\",\"1011\":\"Store Manager\",\"998\":\"All of the Above\",\"977\":\"6 days suspension\",\"1014\":\"\\u20b1200 per day\",\"992\":\"70 \\u02daC\",\"988\":\"Exhaust\",\"997\":\"7 orders of Fried Rice\",\"1004\":\"16 Liters\",\"972\":\"Report to MIS Department\",\"975\":\"Shut-off gate valve and record LPG reading\",\"971\":\"Log time of arrival in employee log sheet\",\"970\":\"On-duty Manager\",\"981\":\"1 hour\",\"1007\":\"6 orders\",\"978\":\"All of the above\",\"1006\":\"48 pcs\",\"989\":\"130 pcs\",\"976\":\"End of day reading and deposit sales\",\"973\":\"Taste and texture of food\",\"987\":\"55 pcs\",\"974\":\"Switch ON the Open signage\",\"996\":\"(negative) 18 \\u02daC\",\"1010\":\"Administrative Assistant\"}', 0, NULL),
(81, 144, 33, 19, NULL, 20, '2026-02-26 01:28:26', '{\"1023\":\"MALI\",\"1021\":\"TAMA\",\"1017\":\"MALI\",\"1024\":\"MALI\",\"1022\":\"MALI\",\"1018\":\"TAMA\",\"1015\":\"TAMA\",\"1016\":\"MALI\",\"1019\":\"TAMA\",\"1020\":\"TAMA\",\"1031\":\"First In - First Out\",\"1025\":\"Good Manufacturing Practices\",\"1026\":\"Sundin ang General Cleaning Procedures, mga polisiya sa Quality Standards at Pest Management Control Control at Waste Management Program.\",\"1027\":\"At least Isang beses sa isang buwan\",\"1032\":\"Lahat ng Nabanggit\",\"1034\":\"Alamin at iverify muna kung totoo ang balita bago umaksyon\",\"1028\":\"Lahat ng mga nabanggit\",\"1033\":\"Lahat ng Nabanggit\",\"1029\":\"All of the Above\",\"1030\":\"Allergen\"}', 0, NULL),
(82, 144, 39, 19, NULL, 20, '2026-02-26 01:28:58', '{\"1022\":\"MALI\",\"1018\":\"TAMA\",\"1017\":\"MALI\",\"1020\":\"TAMA\",\"1023\":\"MALI\",\"1024\":\"MALI\",\"1019\":\"TAMA\",\"1021\":\"TAMA\",\"1015\":\"TAMA\",\"1016\":\"MALI\",\"1025\":\"Good Manufacturing Practices\",\"1032\":\"Lahat ng Nabanggit\",\"1027\":\"At least Isang beses sa isang buwan\",\"1029\":\"All of the Above\",\"1033\":\"Lahat ng Nabanggit\",\"1031\":\"First In - First Out\",\"1030\":\"Allergen\",\"1026\":\"Sundin ang General Cleaning Procedures, mga polisiya sa Quality Standards at Pest Management Control Control at Waste Management Program.\",\"1028\":\"Lahat ng mga nabanggit\",\"1034\":\"Alamin at iverify muna kung totoo ang balita bago umaksyon\"}', 0, NULL),
(83, 144, 37, 19, NULL, 20, '2026-02-26 01:31:48', '{\"1021\":\"TAMA\",\"1024\":\"MALI\",\"1017\":\"MALI\",\"1023\":\"MALI\",\"1022\":\"MALI\",\"1016\":\"MALI\",\"1015\":\"TAMA\",\"1018\":\"TAMA\",\"1020\":\"TAMA\",\"1019\":\"TAMA\",\"1033\":\"Lahat ng Nabanggit\",\"1025\":\"Good Manufacturing Practices\",\"1029\":\"All of the Above\",\"1028\":\"Lahat ng mga nabanggit\",\"1026\":\"Sundin ang General Cleaning Procedures, mga polisiya sa Quality Standards at Pest Management Control Control at Waste Management Program.\",\"1027\":\"At least Isang beses sa isang buwan\",\"1034\":\"Alamin at iverify muna kung totoo ang balita bago umaksyon\",\"1031\":\"First In - First Out\",\"1032\":\"Lahat ng Nabanggit\",\"1030\":\"Allergen\"}', 0, NULL),
(84, 144, 26, 19, NULL, 20, '2026-02-26 01:32:28', '{\"1021\":\"TAMA\",\"1024\":\"MALI\",\"1017\":\"MALI\",\"1015\":\"TAMA\",\"1018\":\"TAMA\",\"1016\":\"MALI\",\"1023\":\"MALI\",\"1022\":\"MALI\",\"1019\":\"TAMA\",\"1020\":\"TAMA\",\"1032\":\"Lahat ng Nabanggit\",\"1033\":\"Lahat ng Nabanggit\",\"1034\":\"Alamin at iverify muna kung totoo ang balita bago umaksyon\",\"1031\":\"First In - First Out\",\"1027\":\"At least Isang beses sa isang buwan\",\"1029\":\"All of the Above\",\"1025\":\"Good Manufacturing Practices\",\"1028\":\"Lahat ng mga nabanggit\",\"1030\":\"Allergen\",\"1026\":\"Sundin ang General Cleaning Procedures, mga polisiya sa Quality Standards at Pest Management Control Control at Waste Management Program.\"}', 0, NULL),
(85, 144, 29, 18, NULL, 20, '2026-02-26 01:36:44', '{\"1016\":\"MALI\",\"1022\":\"MALI\",\"1017\":\"MALI\",\"1021\":\"TAMA\",\"1024\":\"MALI\",\"1023\":\"MALI\",\"1018\":\"TAMA\",\"1019\":\"TAMA\",\"1015\":\"TAMA\",\"1020\":\"TAMA\",\"1033\":\"Lahat ng Nabanggit\",\"1032\":\"Lahat ng Nabanggit\",\"1026\":\"Sundin ang General Cleaning Procedures, mga polisiya sa Quality Standards at Pest Management Control Control at Waste Management Program.\",\"1034\":\"Alamin at iverify muna kung totoo ang balita bago umaksyon\",\"1027\":\"At least Isang beses sa isang buwan\",\"1031\":\"First Expiry - First Out\",\"1025\":\"Good Manufacturing Practices\",\"1029\":\"All of the Above\",\"1028\":\"Lahat ng mga nabanggit\",\"1030\":\"Allergen\"}', 0, NULL),
(86, 145, 30, 24, NULL, 25, '2026-02-26 01:37:19', '{\"1036\":\"Every 5th day of the succeeding month\",\"1046\":\"I will immediately make an Appeal to Grab Customer Service\",\"1038\":\"The following day\",\"1049\":\"Pinsec Frito 64 pcs\",\"1047\":\"Make an Appeal\\/reimburse to Grab Customer Service\",\"1050\":\"P40.00\",\"1035\":\"North Park Employees\",\"1045\":\"Coordinate first with Accounting Department\",\"1054\":\"I will not receive any\",\"1044\":\"Item 4, & 5\",\"1056\":\"Before closing of the store, I will start the actual count of nonmoving products, and make sure same products are in one place.\",\"1037\":\"Not later than five (5) working days\",\"1055\":\"I will declare the actual quantity\",\"1052\":\"Receipts\",\"1053\":\"Every end of shift\",\"1059\":\"Inform and E-mail details to Accounting Department\",\"1043\":\"60% = P60.00\",\"1048\":\"Declare as Cans (in KG)\",\"1039\":\"P1,000\",\"1051\":\"Inventory\",\"1058\":\"To Accounting Department\",\"1040\":\"Personal expenses\",\"1041\":\"Report to Admin Department\",\"1057\":\"Inform and create a ticket to accounting department to correct the quantity produced.\",\"1042\":\"Request for another primary ID\"}', 0, NULL),
(87, 145, 36, 24, NULL, 25, '2026-02-26 01:37:31', '{\"1040\":\"Personal expenses\",\"1056\":\"Before closing of the store, I will start the actual count of nonmoving products, and make sure same products are in one place.\",\"1052\":\"Receipts\",\"1047\":\"Make an Appeal\\/reimburse to Grab Customer Service\",\"1054\":\"I will receive and inform Purchasing\",\"1051\":\"Inventory\",\"1036\":\"Every 5th day of the succeeding month\",\"1053\":\"Every end of shift\",\"1035\":\"North Park Employees\",\"1042\":\"Request for another primary ID\",\"1046\":\"I will immediately make an Appeal to Grab Customer Service\",\"1059\":\"Inform and E-mail details to Accounting Department\",\"1038\":\"The following day\",\"1045\":\"Coordinate first with Accounting Department\",\"1055\":\"I will declare the actual quantity\",\"1049\":\"Pinsec Frito 24 pcs\",\"1048\":\"Declare as Cans (in KG)\",\"1039\":\"P1,000\",\"1057\":\"Inform and create a ticket to accounting department to correct the quantity produced.\",\"1037\":\"Not later than five (5) working days\",\"1050\":\"P40.00\",\"1043\":\"60% = P60.00\",\"1044\":\"Item 4, & 5\",\"1058\":\"To Accounting Department\",\"1041\":\"Report to Admin Department\"}', 0, NULL),
(88, 145, 27, 21, NULL, 25, '2026-02-26 01:38:15', '{\"1058\":\"To Accounting Department\",\"1042\":\"Request for another primary ID\",\"1054\":\"I will receive and inform Purchasing\",\"1040\":\"Personal expenses\",\"1053\":\"Every end of shift\",\"1045\":\"Coordinate first with Accounting Department\",\"1059\":\"Inform and E-mail details to Accounting Department\",\"1038\":\"The following day\",\"1055\":\"I will declare the actual quantity\",\"1050\":\"P40.00\",\"1041\":\"Report to Admin Department\",\"1056\":\"Before closing of the store, I will start the actual count of nonmoving products, and make sure same products are in one place.\",\"1039\":\"P50.00\",\"1037\":\"Not later than three (3) weeks\",\"1043\":\"60% = P60.00\",\"1049\":\"Pinsec Frito 64 pcs\",\"1035\":\"North Park Employees\",\"1036\":\"Every 5th day of the succeeding month\",\"1044\":\"Item 4, & 5\",\"1046\":\"I will immediately make an Appeal to Grab Customer Service\",\"1057\":\"Inform and create a ticket to accounting department to correct the quantity produced.\",\"1051\":\"Inventory\",\"1052\":\"Receipts\",\"1048\":\"Declare as Cans (in KG)\",\"1047\":\"Make an Appeal\\/reimburse to Grab Customer Service\"}', 0, NULL),
(89, 145, 30, 24, NULL, 25, '2026-02-26 01:38:31', '{\"1036\":\"Every 5th day of the succeeding month\",\"1046\":\"I will immediately make an Appeal to Grab Customer Service\",\"1038\":\"The following day\",\"1049\":\"Pinsec Frito 64 pcs\",\"1047\":\"Make an Appeal\\/reimburse to Grab Customer Service\",\"1050\":\"P40.00\",\"1035\":\"North Park Employees\",\"1045\":\"Coordinate first with Accounting Department\",\"1054\":\"I will not receive any\",\"1044\":\"Item 4, & 5\",\"1056\":\"Before closing of the store, I will start the actual count of nonmoving products, and make sure same products are in one place.\",\"1037\":\"Not later than five (5) working days\",\"1055\":\"I will declare the actual quantity\",\"1052\":\"Receipts\",\"1053\":\"Every end of shift\",\"1059\":\"Inform and E-mail details to Accounting Department\",\"1043\":\"60% = P60.00\",\"1048\":\"Declare as Cans (in KG)\",\"1039\":\"P1,000\",\"1051\":\"Inventory\",\"1058\":\"To Accounting Department\",\"1040\":\"Personal expenses\",\"1041\":\"Report to Admin Department\",\"1057\":\"Inform and create a ticket to accounting department to correct the quantity produced.\",\"1042\":\"Request for another primary ID\"}', 0, NULL),
(90, 145, 25, 24, NULL, 25, '2026-02-26 01:39:20', '{\"1045\":\"Coordinate first with Accounting Department\",\"1051\":\"Inventory\",\"1056\":\"Before closing of the store, I will start the actual count of nonmoving products, and make sure same products are in one place.\",\"1052\":\"Receipts\",\"1040\":\"Personal expenses\",\"1043\":\"60% = P60.00\",\"1059\":\"Inform and E-mail details to Accounting Department\",\"1054\":\"I will not receive any\",\"1041\":\"Report to Admin Department\",\"1037\":\"Not later than three (3) weeks\",\"1036\":\"Every 5th day of the succeeding month\",\"1053\":\"Every end of shift\",\"1057\":\"Inform and create a ticket to accounting department to correct the quantity produced.\",\"1038\":\"The following day\",\"1058\":\"To Accounting Department\",\"1044\":\"Item 4, & 5\",\"1046\":\"I will immediately make an Appeal to Grab Customer Service\",\"1050\":\"P40.00\",\"1047\":\"Make an Appeal\\/reimburse to Grab Customer Service\",\"1042\":\"Request for another primary ID\",\"1055\":\"I will declare the actual quantity\",\"1035\":\"North Park Employees\",\"1039\":\"P1,000\",\"1048\":\"Declare as Cans (in KG)\",\"1049\":\"Pinsec Frito 24 pcs\"}', 0, NULL),
(91, 145, 35, 22, NULL, 25, '2026-02-26 01:40:25', '{\"1056\":\"Before closing of the store, I will start the actual count of nonmoving products, and make sure same products are in one place.\",\"1039\":\"P1,000\",\"1041\":\"Report to Admin Department\",\"1054\":\"I will receive and inform Purchasing\",\"1047\":\"Make an Appeal\\/reimburse to Grab Customer Service\",\"1048\":\"Declare as Cans (in KG)\",\"1044\":\"Item 4, & 5\",\"1037\":\"Not later than five (5) working days\",\"1057\":\"Inform and create a ticket to accounting department to correct the quantity produced.\",\"1035\":\"North Park Employees\",\"1038\":\"The following day\",\"1040\":\"Personal expenses\",\"1053\":\"Every end of shift\",\"1036\":\"Every 5th day of the succeeding month\",\"1051\":\"Inventory\",\"1052\":\"Receipts\",\"1042\":\"Request for another primary ID\",\"1046\":\"I will immediately make an Appeal to Grab Customer Service\",\"1055\":\"Return it to Commissary\",\"1043\":\"60% = P60.00\",\"1058\":\"To Accounting Department\",\"1050\":\"P40.00\",\"1049\":\"Pinsec Frito 64 pcs\",\"1059\":\"Inform and E-mail details to Accounting Department\",\"1045\":\"Coordinate first with Accounting Department\"}', 0, NULL),
(92, 145, 31, 24, NULL, 25, '2026-02-26 01:40:58', '{\"1056\":\"Before closing of the store, I will start the actual count of nonmoving products, and make sure same products are in one place.\",\"1035\":\"North Park Employees\",\"1038\":\"The following day\",\"1039\":\"P1,000\",\"1058\":\"To Accounting Department\",\"1040\":\"Personal expenses\",\"1047\":\"Make an Appeal\\/reimburse to Grab Customer Service\",\"1059\":\"Inform and E-mail details to Accounting Department\",\"1051\":\"Inventory\",\"1057\":\"Inform and create a ticket to accounting department to correct the quantity produced.\",\"1046\":\"I will immediately make an Appeal to Grab Customer Service\",\"1053\":\"Every end of shift\",\"1050\":\"P40.00\",\"1048\":\"Declare as Cans (in KG)\",\"1042\":\"Request for another primary ID\",\"1049\":\"Siomai 6 pcs\",\"1037\":\"Not later than five (5) working days\",\"1052\":\"Receipts\",\"1044\":\"Item 4, & 5\",\"1043\":\"60% = P60.00\",\"1045\":\"Coordinate first with Accounting Department\",\"1055\":\"I will declare the actual quantity\",\"1041\":\"Report to Admin Department\",\"1036\":\"Every 5th day of the succeeding month\",\"1054\":\"I will not receive any\"}', 0, NULL),
(93, 145, 33, 25, NULL, 25, '2026-02-26 01:42:57', '{\"1059\":\"Inform and E-mail details to Accounting Department\",\"1042\":\"Request for another primary ID\",\"1045\":\"Coordinate first with Accounting Department\",\"1048\":\"Declare as Cans (in KG)\",\"1056\":\"Before closing of the store, I will start the actual count of nonmoving products, and make sure same products are in one place.\",\"1050\":\"P40.00\",\"1052\":\"Receipts\",\"1046\":\"I will immediately make an Appeal to Grab Customer Service\",\"1040\":\"Personal expenses\",\"1049\":\"Pinsec Frito 24 pcs\",\"1051\":\"Inventory\",\"1036\":\"Every 5th day of the succeeding month\",\"1038\":\"The following day\",\"1037\":\"Not later than five (5) working days\",\"1053\":\"Every end of shift\",\"1044\":\"Item 4, & 5\",\"1057\":\"Inform and create a ticket to accounting department to correct the quantity produced.\",\"1039\":\"P1,000\",\"1055\":\"I will declare the actual quantity\",\"1041\":\"Report to Admin Department\",\"1047\":\"Make an Appeal\\/reimburse to Grab Customer Service\",\"1035\":\"North Park Employees\",\"1058\":\"To Accounting Department\",\"1043\":\"60% = P60.00\",\"1054\":\"I will not receive any\"}', 0, NULL),
(94, 145, 34, 24, NULL, 25, '2026-02-26 01:43:44', '{\"1045\":\"Coordinate first with Accounting Department\",\"1059\":\"Inform and E-mail details to Accounting Department\",\"1042\":\"Request for another primary ID\",\"1035\":\"North Park Employees\",\"1047\":\"Make an Appeal\\/reimburse to Grab Customer Service\",\"1057\":\"Inform and create a ticket to accounting department to correct the quantity produced.\",\"1046\":\"I will immediately make an Appeal to Grab Customer Service\",\"1050\":\"P40.00\",\"1048\":\"Declare as Cans (in KG)\",\"1058\":\"To Accounting Department\",\"1043\":\"60% = P60.00\",\"1052\":\"Receipts\",\"1038\":\"The following day\",\"1051\":\"Inventory\",\"1044\":\"Item 4, & 5\",\"1039\":\"P1,000\",\"1054\":\"I will not receive any\",\"1049\":\"Siomai 6 pcs\",\"1040\":\"Personal expenses\",\"1041\":\"Report to Admin Department\",\"1037\":\"Not later than five (5) working days\",\"1036\":\"Every 5th day of the succeeding month\",\"1053\":\"Every end of shift\",\"1055\":\"I will declare the actual quantity\",\"1056\":\"Before closing of the store, I will start the actual count of nonmoving products, and make sure same products are in one place.\"}', 0, NULL);
INSERT INTO `exam_results` (`id`, `exam_id`, `employee_id`, `score`, `essay_score`, `total`, `date_taken`, `answers`, `time_spent_seconds`, `started_at`) VALUES
(95, 145, 38, 25, NULL, 25, '2026-02-26 01:43:59', '{\"1057\":\"Inform and create a ticket to accounting department to correct the quantity produced.\",\"1058\":\"To Accounting Department\",\"1042\":\"Request for another primary ID\",\"1044\":\"Item 4, & 5\",\"1037\":\"Not later than five (5) working days\",\"1043\":\"60% = P60.00\",\"1046\":\"I will immediately make an Appeal to Grab Customer Service\",\"1059\":\"Inform and E-mail details to Accounting Department\",\"1036\":\"Every 5th day of the succeeding month\",\"1054\":\"I will not receive any\",\"1047\":\"Make an Appeal\\/reimburse to Grab Customer Service\",\"1035\":\"North Park Employees\",\"1038\":\"The following day\",\"1041\":\"Report to Admin Department\",\"1052\":\"Receipts\",\"1053\":\"Every end of shift\",\"1049\":\"Pinsec Frito 24 pcs\",\"1039\":\"P1,000\",\"1050\":\"P40.00\",\"1048\":\"Declare as Cans (in KG)\",\"1056\":\"Before closing of the store, I will start the actual count of nonmoving products, and make sure same products are in one place.\",\"1040\":\"Personal expenses\",\"1055\":\"I will declare the actual quantity\",\"1051\":\"Inventory\",\"1045\":\"Coordinate first with Accounting Department\"}', 0, NULL),
(96, 145, 26, 24, NULL, 25, '2026-02-26 01:45:23', '{\"1054\":\"I will not receive any\",\"1053\":\"Every end of shift\",\"1051\":\"Inventory\",\"1043\":\"60% = P60.00\",\"1047\":\"Make an Appeal\\/reimburse to Grab Customer Service\",\"1057\":\"I will just create new and enter the corrected value.\",\"1059\":\"Inform and E-mail details to Accounting Department\",\"1046\":\"I will immediately make an Appeal to Grab Customer Service\",\"1048\":\"Declare as Cans (in KG)\",\"1055\":\"I will declare the actual quantity\",\"1035\":\"North Park Employees\",\"1056\":\"Before closing of the store, I will start the actual count of nonmoving products, and make sure same products are in one place.\",\"1041\":\"Report to Admin Department\",\"1036\":\"Every 5th day of the succeeding month\",\"1039\":\"P1,000\",\"1038\":\"The following day\",\"1052\":\"Receipts\",\"1042\":\"Request for another primary ID\",\"1050\":\"P40.00\",\"1044\":\"Item 4, & 5\",\"1049\":\"Pinsec Frito 24 pcs\",\"1045\":\"Coordinate first with Accounting Department\",\"1040\":\"Personal expenses\",\"1058\":\"To Accounting Department\",\"1037\":\"Not later than five (5) working days\"}', 0, NULL),
(97, 145, 39, 24, NULL, 25, '2026-02-26 01:45:38', '{\"1044\":\"Item 4, & 5\",\"1037\":\"Not later than five (5) working days\",\"1052\":\"Receipts\",\"1043\":\"60% = P60.00\",\"1039\":\"P1,000\",\"1045\":\"Coordinate first with Accounting Department\",\"1035\":\"North Park Employees\",\"1053\":\"Every end of shift\",\"1041\":\"Report to Admin Department\",\"1036\":\"Every 5th day of the succeeding month\",\"1058\":\"To Accounting Department\",\"1050\":\"P40.00\",\"1051\":\"Inventory\",\"1046\":\"I will immediately make an Appeal to Grab Customer Service\",\"1059\":\"Inform and E-mail details to Accounting Department\",\"1048\":\"Declare as Cans (in KG)\",\"1057\":\"Inform and create a ticket to accounting department to correct the quantity produced.\",\"1054\":\"I will not receive any\",\"1042\":\"Request for another primary ID\",\"1049\":\"Pinsec Frito 24 pcs\",\"1040\":\"Personal expenses\",\"1047\":\"Make an Appeal\\/reimburse to Grab Customer Service\",\"1055\":\"Return it to Commissary\",\"1038\":\"The following day\",\"1056\":\"Before closing of the store, I will start the actual count of nonmoving products, and make sure same products are in one place.\"}', 0, NULL),
(98, 145, 32, 24, NULL, 25, '2026-02-26 01:46:27', '{\"1038\":\"The following day\",\"1056\":\"Before closing of the store, I will start the actual count of nonmoving products, and make sure same products are in one place.\",\"1047\":\"Make an Appeal\\/reimburse to Grab Customer Service\",\"1051\":\"Inventory\",\"1045\":\"Coordinate first with Accounting Department\",\"1057\":\"Inform and create a ticket to accounting department to correct the quantity produced.\",\"1037\":\"Not later than five (5) working days\",\"1055\":\"I will declare the actual quantity\",\"1048\":\"Declare as Cans (in KG)\",\"1049\":\"Pinsec Frito 24 pcs\",\"1058\":\"To Accounting Department\",\"1041\":\"Report to Admin Department\",\"1040\":\"Personal expenses\",\"1054\":\"I will not receive any\",\"1046\":\"I will immediately make an Appeal to Grab Customer Service\",\"1036\":\"Every 5th day of the succeeding month\",\"1044\":\"Item 4, & 5\",\"1053\":\"Every end of shift\",\"1039\":\"P1,000\",\"1042\":\"Request for another primary ID\",\"1043\":\"No Discount\",\"1059\":\"Inform and E-mail details to Accounting Department\",\"1052\":\"Receipts\",\"1035\":\"North Park Employees\",\"1050\":\"P40.00\"}', 0, NULL),
(99, 145, 37, 23, NULL, 25, '2026-02-26 01:51:03', '{\"1058\":\"To Accounting Department\",\"1055\":\"Return it to Commissary\",\"1059\":\"Inform and E-mail details to Accounting Department\",\"1052\":\"Receipts\",\"1051\":\"Inventory\",\"1035\":\"North Park Employees\",\"1045\":\"Coordinate first with Accounting Department\",\"1050\":\"P40.00\",\"1040\":\"Personal expenses\",\"1039\":\"P1,000\",\"1056\":\"Before closing of the store, I will start the actual count of nonmoving products, and make sure same products are in one place.\",\"1057\":\"Inform and create a ticket to accounting department to correct the quantity produced.\",\"1046\":\"I will immediately make an Appeal to Grab Customer Service\",\"1049\":\"Pinsec Frito 64 pcs\",\"1038\":\"The following day\",\"1053\":\"Every end of shift\",\"1041\":\"Report to Admin Department\",\"1042\":\"Request for another primary ID\",\"1054\":\"I will not receive any\",\"1037\":\"Not later than five (5) working days\",\"1044\":\"Item 4, & 5\",\"1048\":\"Declare as Cans (in KG)\",\"1047\":\"Make an Appeal\\/reimburse to Grab Customer Service\",\"1036\":\"Every 5th day of the succeeding month\",\"1043\":\"60% = P60.00\"}', 0, NULL),
(100, 145, 29, 24, NULL, 25, '2026-02-26 01:52:37', '{\"1051\":\"Inventory\",\"1036\":\"Every 5th day of the succeeding month\",\"1058\":\"To Accounting Department\",\"1040\":\"Personal expenses\",\"1050\":\"P40.00\",\"1053\":\"Every end of shift\",\"1056\":\"Before closing of the store, I will start the actual count of nonmoving products, and make sure same products are in one place.\",\"1046\":\"I will immediately make an Appeal to Grab Customer Service\",\"1043\":\"60% = P60.00\",\"1047\":\"Make an Appeal\\/reimburse to Grab Customer Service\",\"1035\":\"North Park Employees\",\"1041\":\"Report to Admin Department\",\"1045\":\"Coordinate first with Accounting Department\",\"1052\":\"Receipts\",\"1042\":\"Request for another primary ID\",\"1059\":\"Inform and E-mail details to Accounting Department\",\"1044\":\"Item 4, & 5\",\"1048\":\"Declare as Cans (in KG)\",\"1055\":\"I will declare the actual quantity\",\"1037\":\"Not later than five (5) working days\",\"1057\":\"Inform and create a ticket to accounting department to correct the quantity produced.\",\"1039\":\"P1,000\",\"1049\":\"Pinsec Frito 24 pcs\",\"1054\":\"I will receive and inform Purchasing\",\"1038\":\"The following day\"}', 0, NULL),
(101, 145, 28, 24, NULL, 25, '2026-02-26 02:06:49', '{\"1046\":\"I will immediately make an Appeal to Grab Customer Service\",\"1056\":\"Before closing of the store, I will start the actual count of nonmoving products, and make sure same products are in one place.\",\"1054\":\"I will not receive any\",\"1035\":\"North Park Employees\",\"1040\":\"Personal expenses\",\"1049\":\"Pinsec Frito 24 pcs\",\"1051\":\"Inventory\",\"1057\":\"Inform and create a ticket to accounting department to correct the quantity produced.\",\"1039\":\"P1,000\",\"1052\":\"Receipts\",\"1044\":\"Item 4, & 5\",\"1058\":\"To Accounting Department\",\"1037\":\"Not later than five (5) working days\",\"1042\":\"Request for another primary ID\",\"1036\":\"Every 5th day of the succeeding month\",\"1055\":\"Return it to Commissary\",\"1048\":\"Declare as Cans (in KG)\",\"1059\":\"Inform and E-mail details to Accounting Department\",\"1047\":\"Make an Appeal\\/reimburse to Grab Customer Service\",\"1038\":\"The following day\",\"1053\":\"Every end of shift\",\"1041\":\"Report to Admin Department\",\"1043\":\"60% = P60.00\",\"1050\":\"P40.00\",\"1045\":\"Coordinate first with Accounting Department\"}', 0, NULL),
(102, 146, 30, 18, 8.00, 20, '2026-02-26 02:36:11', '{\"1061\":\"DISMISSAL, LAST\",\"1062\":\"DISCIPLINARY ACTION, INVESTIGATION\",\"1063\":\"CHANCE, DUE PROCESS\",\"1064\":\"CODE OF CONDUCT, REGARDLESS\",\"1060\":\"PUNITIVE, CORRECTIVE\",\"1065\":\"MALI\\r\\nHindi maaring i-terminate ni Manager ang isang staff, kailangan niya itong i report sa HR dahil meron itong due process. \",\"1066\":\"MALI\\r\\nKailangan niya muna mag report sa HR dahil may nalabag siyang polisiya. \"}', 0, NULL),
(103, 146, 25, 13, 6.00, 20, '2026-02-26 02:38:37', '{\"1060\":\"Punitive, Corrective\",\"1064\":\"Code of Conduct, Regardless\",\"1061\":\"Disciplinary Action, Last\",\"1062\":\"Dismissal, Investigation \",\"1063\":\"Chance, Reminder\",\"1066\":\"MALI, kailangan muna nyang mag report sa HR, dahil kungb may sakit sya kailangan nya pa din mag report sa branch\",\"1065\":\"MALI, dadaan muna ito sa HR, at sila po ang mag bibigay kung anu ang dapat na parusa sa staff\"}', 0, NULL),
(104, 146, 38, 17, 8.00, 20, '2026-02-26 02:38:38', '{\"1063\":\"CHANCE,INVESTIGATION\",\"1062\":\"DISCIPLINARY ACTION,INVESTIGATION\",\"1064\":\"CODE OF CONDUCT,REGARDLESS\",\"1060\":\"PUNITIVE,CORRECTIVE\",\"1061\":\"DISMISSAL,LAST\",\"1066\":\"Mali-dahil kailangan muna itong ireport sa hr at dadaan sa due process dahil may nilabag siyang policy\",\"1065\":\"Mali-dahil kailangan niya munang magsubmit ng deliquency report sa hr,at dadaan sa due process at si hr at magcoconduct ng investigation\"}', 0, NULL),
(105, 146, 28, 20, 10.00, 20, '2026-02-26 02:38:48', '{\"1064\":\"Code of Conduct, Regardless\",\"1063\":\"Chance, Due Process\",\"1061\":\"Dismissal, Last\",\"1062\":\"Disciplinary Action, Investigation\",\"1060\":\"Punitive, Corrective\",\"1066\":\"MALI- Dahil una walang pong paalam ang staff. Dapat e report po sa hr, and need po e verify yung medical certificate na pinasa ng staff.\",\"1065\":\"MALI- dahil pagdating sa pag terminate ng tao o staff may due process po tayong sinusunod at dapat po documented and reported po ito sa hr.\"}', 0, NULL),
(106, 146, 31, 16, 8.00, 20, '2026-02-26 02:39:41', '{\"1064\":\"Code of conduct , regardles\",\"1062\":\"  Disciplinary action  ,       Investigation\",\"1063\":\"Sinumpaang salaysay, due process\",\"1060\":\"Punitive , corrective\",\"1061\":\"Dismissal, last\",\"1066\":\"Mali,\\r\\nKailangan po mag report muna sa HR yung isang staff, dahil may nilabag siya na policy, dahil may sinusunod po tayo na due process . \",\"1065\":\"MALI\\r\\nHindi po maaring mag terminate ang isang manager , ang tamang gawin ni manager  ay mag report sa HR kalakip po yung mga documents  para mabasa po ni HR ,  at kailan natin sundin ang dues process about this matter.\"}', 0, NULL),
(107, 146, 27, 18, 8.00, 20, '2026-02-26 02:39:51', '{\"1060\":\"Punitive, Corrective \",\"1064\":\"Code of conduct, Regardless \",\"1061\":\"Dismissal, Last\",\"1062\":\"Disciplinary action, Investigation\",\"1063\":\"Chance, Due process \",\"1066\":\"MALI - ito ay kailangang ireport kay HR dahil siya ay may nailabag sa policy at siya ay kailangang mag report sa HR para magpaliwanag. \",\"1065\":\"MALI - Hindi maaring mag Terminate si manager dahil ito ay kailangang ireport sa HR kalakip neto ang mga dokyumento na angkop sa kaso, dahil ito ay kailangang dumaan muna sa tinatawag na Due process. \"}', 0, NULL),
(108, 146, 32, 18, 8.00, 20, '2026-02-26 02:39:57', '{\"1063\":\"CHANCE, DUE PROCESS\",\"1061\":\"Dismissal, last\",\"1060\":\"Punitive, corrective\",\"1062\":\"Disciplinary action, investigation\",\"1064\":\"Code of conduct, regardless\",\"1066\":\"MALI\\r\\n\\r\\nMali as a manager we need to verify the medical certificate of our staff and report to HR department upang masunod ang due process at ang HR ang mag dedecide ng violation ng ating staff using our company policy.\",\"1065\":\"MALI\\r\\n\\r\\nhindi po maaring mag terminate ang manager ng staff kahit ito pa ay may nagawang kasalanan na katumbas ng class D, maaari lamang gawin ng manager ay i report sa HR upang ang ma investigate at ang HR ang mag bibigay ng last decision kung anu ang naging violation ng isang empleyado at nauukol sa ating company policy. \"}', 0, NULL),
(109, 146, 36, 20, 10.00, 20, '2026-02-26 02:41:17', '{\"1062\":\"Disciplinary Action, Investigation \",\"1064\":\"Code of Conduct , Regardless \",\"1063\":\"Chance, Due Process\",\"1061\":\"Dismissal, Last\",\"1060\":\"Punitive, Corrective \",\"1065\":\"MALI\\r\\n\\r\\nNeed to report the incident to HR for thorough investigation about the incident and give the staff a chance for his side as part of the due process, also give your incident report as part of the documentation and let the HR decide and how should it be done in proper way.\",\"1066\":\"MALI\\r\\n\\r\\nFirst, validated the given MedCert as part of your investigation and let the HR be informed about the absences without official leave that the staff committed, and also wait the HR decisions for the sanctions\\/penalty.\"}', 0, NULL),
(110, 146, 26, 20, 10.00, 20, '2026-02-26 02:41:25', '{\"1060\":\"Punitive,Corrective\",\"1063\":\"Chance, Due Process\",\"1064\":\"Code of Conduct, Regardless\",\"1061\":\"Dismissal,Last\",\"1062\":\"Disciplinary Action, Investigation\",\"1065\":\"MALI\\r\\nStore managers are not allowed to terminate staff. If a staff committed a class D offense, the manager must report this to HR department for proper investigation as part of due process, then only them will give appropriate sanction to the employee.\",\"1066\":\"MALI\\r\\n4 to 5 days of not reporting to work with no authorization or proper communication will be considered as AWOL. Since the staff provided medical certificate, this should be reported to HR department for investigation as part of due process then wait for futher instructions from them. \"}', 0, NULL),
(111, 146, 33, 20, 10.00, 20, '2026-02-26 02:41:50', '{\"1062\":\"Disciplinary action , Investigation \",\"1060\":\"Punitive , Corrective \",\"1061\":\"Dismissal , last\",\"1063\":\"Chance, Due process\",\"1064\":\"Code of conduct, regardless\",\"1065\":\"Mali ,\\r\\nAng store manager ay hindi maaring mag terminate ng staff, kailangan ipasa ang DR at iba pang documents tungkol sa violation sa HR department ng staff para dumaan sa due process violation na nagawa ng staff\",\"1066\":\"Mali,\\r\\nDapat ang staff ay mag report muna sa HR department dahil violation Nia sa policy dadaan muna sa due process ang kanyang violation na Absent without official leave\"}', 0, NULL),
(112, 146, 34, 17, 10.00, 20, '2026-02-26 02:41:59', '{\"1062\":\"Code of conduct ,Investigation \",\"1061\":\"Dismissal, Last\",\"1063\":\"DUE PROCESS, SINUMPAANG SALAYSAY\",\"1064\":\"Code of conduct, Regardless \",\"1060\":\"Punitive, Corrective\",\"1066\":\"Mali po una sa lahat my nalabag na po ang staff sa code of conduct kailangan po mag report ng staff sa HR muna and c HR po ang mag advice ky manager if ito ay bibigyan pa ng scedule.\",\"1065\":\"Mali dahil kailangan po muna dumaan ng  due process ang nagawa ng staff at si HR po ang mag bibigay ng termination or hatol  not si manager.\"}', 0, NULL),
(113, 146, 37, 20, 10.00, 20, '2026-02-26 02:43:16', '{\"1062\":\"Disciplinary Action, Investigation \",\"1064\":\"Code of conduct, Regardless \",\"1060\":\"Punitive, Corrective \",\"1061\":\"Dismissal, Last\",\"1063\":\"Chance, Due process \",\"1065\":\"MALI- Kailangan ireport natin sa HR ang staff kung siya ay nakagawa ng mabigat na kasalanan at meron parin due process na sinusunod at si HR ang mag bibigay ng Disciplinary action.\",\"1066\":\"MALI- Kailangan ireport natin sa HR ang staff at kailangan din natin iverify ang medical certificate sa hospital or clinic kung legit ba ito. \"}', 0, NULL),
(114, 146, 35, 18, 8.00, 20, '2026-02-26 02:44:31', '{\"1064\":\"CODE OF CONDUCT, REGARDLESS \",\"1063\":\"CHANCE, DUE PROCESS\",\"1062\":\"DISCIPLINARY ACTION, INVESTIGATION \",\"1060\":\"PUNITIVE, CORRECTIVE \",\"1061\":\"DISMISSAL, LAST\",\"1066\":\"MALI - sa pagkat Ang 4-5 days ay nabibilang sa CLass D and 3 consecutive days na considered as AWOL most probably, need nya po mag report Kay HR. Para po sila Ang mag decide ng Notice of Decision and Disciplinary action. \",\"1065\":\"Mali- Sa pagkat ang pag teterminate ay may tamang paghatol na naka angkop sa company code of code na Ang HR po dapat Ang mag decide Hindi po manager dahil Ito po ay may due process. \"}', 0, NULL),
(115, 146, 39, 18, 8.00, 20, '2026-02-26 02:44:37', '{\"1061\":\"dismissal, last\",\"1060\":\"punitive, corrective \",\"1062\":\"disciplinary action,  investigation \",\"1063\":\"chance, due process\",\"1064\":\"code of conduct, regardless\",\"1065\":\"MALI - hindi maari na magtangal ang manager dahil may sinusunod tayong \\\"due process\\\" ang gagawin po ay ireport sa HR na my mga kalakip na documents. \",\"1066\":\"MALI - hindi na maaring tanggapin dahil may nilabag siya sa \\\"code of conduct\\\" siya po ay mapupuntahin ko sa hr para magreport po doon. \"}', 0, NULL),
(116, 147, 30, 22, NULL, 25, '2026-02-26 02:46:52', '{\"1075\":\"Settling differences between two employees\",\"1074\":\"Looking for ways to increase transaction count of store\",\"1070\":\"Controlling\",\"1077\":\"Senior citizen complaining about his discount\",\"1067\":\"Organizing\",\"1079\":\"Overseeing operations\",\"1082\":\"Read the endorsement logbook\",\"1069\":\"Leading\",\"1084\":\"Check the activities of each station regularly\",\"1083\":\"Step in, fix the problem, then step out and get back to your task of managing\",\"1076\":\"Hop from one table to the other to talk to the guests\",\"1078\":\"No supply of LPG\",\"1068\":\"Planning\",\"1080\":\"Securing permit for maintenance repair works\",\"1072\":\"There is a new and untrained staff\",\"1073\":\"Cascading Company Core Values\",\"1081\":\"Customer complaining for waiting too long\",\"1071\":\"Scorecard\",\"1085\":\"True\",\"1086\":\"True\",\"1089\":\"True\",\"1087\":\"True\",\"1091\":\"False\",\"1090\":\"True\",\"1088\":\"True\"}', 0, NULL),
(117, 147, 34, 22, NULL, 25, '2026-02-26 02:51:02', '{\"1076\":\"Hop from one table to the other to talk to the guests\",\"1072\":\"There is a new and untrained staff\",\"1074\":\"Looking for ways to increase transaction count of store\",\"1071\":\"Scorecard\",\"1078\":\"No supply of LPG\",\"1068\":\"Planning\",\"1075\":\"Building Team rapport\",\"1070\":\"Controlling\",\"1077\":\"Senior citizen complaining about his discount\",\"1069\":\"Leading\",\"1081\":\"Customer complaining for waiting too long\",\"1080\":\"The internet is down\",\"1079\":\"Overseeing operations\",\"1083\":\"Step in, fix the problem, then step out and get back to your task of managing\",\"1084\":\"Check the activities of each station regularly\",\"1082\":\"Read the endorsement logbook\",\"1073\":\"Cascading Company Core Values\",\"1067\":\"Planning\",\"1087\":\"True\",\"1091\":\"False\",\"1086\":\"True\",\"1085\":\"True\",\"1088\":\"True\",\"1090\":\"True\",\"1089\":\"True\"}', 0, NULL),
(118, 147, 25, 21, NULL, 25, '2026-02-26 02:51:50', '{\"1075\":\"Tasks that require handling cash\",\"1074\":\"Teaching staff how to prepare Fresh Lemonade\",\"1069\":\"Leading\",\"1081\":\"Customer complaining for waiting too long\",\"1071\":\"Scorecard\",\"1084\":\"All of the above\",\"1077\":\"Senior citizen complaining about his discount\",\"1082\":\"Read the endorsement logbook\",\"1067\":\"Organizing\",\"1076\":\"Hop from one table to the other to talk to the guests\",\"1083\":\"Step in, fix the problem, then step out and get back to your task of managing\",\"1078\":\"No supply of LPG\",\"1080\":\"The internet is down\",\"1079\":\"Overseeing operations\",\"1068\":\"Planning\",\"1070\":\"Controlling\",\"1073\":\"Explaining standards or procedures on safety and security\",\"1072\":\"There is a new and untrained staff\",\"1089\":\"True\",\"1085\":\"True\",\"1086\":\"True\",\"1087\":\"True\",\"1090\":\"True\",\"1088\":\"True\",\"1091\":\"False\"}', 0, NULL),
(119, 147, 32, 24, NULL, 25, '2026-02-26 02:51:52', '{\"1073\":\"Cascading Company Core Values\",\"1068\":\"Planning\",\"1082\":\"Read the endorsement logbook\",\"1072\":\"There is a new and untrained staff\",\"1077\":\"Senior citizen complaining about his discount\",\"1071\":\"Scorecard\",\"1069\":\"Leading\",\"1080\":\"The internet is down\",\"1084\":\"Check the activities of each station regularly\",\"1075\":\"Tasks that require handling cash\",\"1067\":\"Organizing\",\"1076\":\"Hop from one table to the other to talk to the guests\",\"1070\":\"Controlling\",\"1083\":\"Step in, fix the problem, then step out and get back to your task of managing\",\"1074\":\"Looking for ways to increase transaction count of store\",\"1081\":\"Customer complaining for waiting too long\",\"1078\":\"No supply of LPG\",\"1079\":\"Overseeing operations\",\"1088\":\"True\",\"1085\":\"True\",\"1087\":\"True\",\"1086\":\"True\",\"1089\":\"True\",\"1091\":\"False\",\"1090\":\"True\"}', 0, NULL),
(120, 147, 38, 21, NULL, 25, '2026-02-26 02:52:45', '{\"1072\":\"There is a new and untrained staff\",\"1073\":\"Cascading Company Core Values\",\"1077\":\"Senior citizen complaining about his discount\",\"1080\":\"The internet is down\",\"1076\":\"Hop from one table to the other to talk to the guests\",\"1084\":\"Check the activities of each station regularly\",\"1081\":\"Customer complaining for waiting too long\",\"1074\":\"Looking for ways to increase transaction count of store\",\"1082\":\"Do the travel path\",\"1070\":\"Organizing\",\"1068\":\"Planning\",\"1075\":\"Tasks that require handling cash\",\"1079\":\"Overseeing operations\",\"1069\":\"Leading\",\"1067\":\"Controlling\",\"1083\":\"Step in, fix the problem, then step out and get back to your task of managing\",\"1078\":\"No supply of LPG\",\"1071\":\"Scorecard\",\"1087\":\"True\",\"1090\":\"True\",\"1089\":\"True\",\"1085\":\"True\",\"1086\":\"True\",\"1091\":\"False\",\"1088\":\"True\"}', 0, NULL),
(121, 147, 27, 21, NULL, 25, '2026-02-26 02:52:58', '{\"1072\":\"There is a new and untrained staff\",\"1079\":\"Make a game plan\",\"1069\":\"Leading\",\"1083\":\"Step in, fix the problem, then step out and get back to your task of managing\",\"1082\":\"Read the endorsement logbook\",\"1077\":\"Senior citizen complaining about his discount\",\"1074\":\"Looking for ways to increase transaction count of store\",\"1075\":\"All of the above\",\"1068\":\"Planning\",\"1081\":\"Customer complaining for waiting too long\",\"1070\":\"Controlling\",\"1078\":\"No supply of LPG\",\"1071\":\"Scorecard\",\"1080\":\"The internet is down\",\"1073\":\"Cascading Company Core Values\",\"1067\":\"Controlling\",\"1084\":\"Check the activities of each station regularly\",\"1076\":\"Hop from one table to the other to talk to the guests\",\"1089\":\"True\",\"1085\":\"True\",\"1090\":\"True\",\"1091\":\"False\",\"1086\":\"True\",\"1087\":\"True\",\"1088\":\"True\"}', 0, NULL),
(122, 147, 28, 24, NULL, 25, '2026-02-26 02:53:37', '{\"1080\":\"The internet is down\",\"1067\":\"Organizing\",\"1079\":\"Overseeing operations\",\"1072\":\"There is a new and untrained staff\",\"1071\":\"Scorecard\",\"1083\":\"Step in, fix the problem, then step out and get back to your task of managing\",\"1070\":\"Controlling\",\"1069\":\"Leading\",\"1084\":\"Check the activities of each station regularly\",\"1074\":\"Looking for ways to increase transaction count of store\",\"1075\":\"Tasks that require handling cash\",\"1076\":\"Hop from one table to the other to talk to the guests\",\"1082\":\"Read the endorsement logbook\",\"1073\":\"Cascading Company Core Values\",\"1077\":\"Senior citizen complaining about his discount\",\"1078\":\"No supply of LPG\",\"1081\":\"Customer complaining for waiting too long\",\"1068\":\"Planning\",\"1089\":\"True\",\"1091\":\"False\",\"1090\":\"True\",\"1085\":\"True\",\"1086\":\"True\",\"1087\":\"True\",\"1088\":\"True\"}', 0, NULL),
(123, 146, 29, 17, 10.00, 20, '2026-02-26 02:53:57', '{\"1061\":\"code of conduct,last\",\"1063\":\"chance,due process\",\"1060\":\"dismissal,corrective\",\"1062\":\"DISCIPLINARY ACTION, INVESTIGATION\",\"1064\":\"CODE OF CODUCT ,REGARDLESS\",\"1065\":\"MALI, \\r\\nDahil kailangan muna dumaan sa due process, at ipaalam sa HR kung ano ang magiging desisyon.\",\"1066\":\"MALI,\\r\\ndahil kailangan muna i verify kung ito ay valid, i report sa HR para ito ay dumaan sa due process at ibigay ang karagdagang documento. \"}', 0, NULL),
(124, 147, 36, 22, NULL, 25, '2026-02-26 02:55:03', '{\"1071\":\"Scorecard\",\"1072\":\"There is a new and untrained staff\",\"1074\":\"Teaching staff how to prepare Fresh Lemonade\",\"1081\":\"Customer complaining for waiting too long\",\"1082\":\"Read the endorsement logbook\",\"1079\":\"Overseeing operations\",\"1070\":\"Controlling\",\"1084\":\"All of the above\",\"1073\":\"Cascading Company Core Values\",\"1067\":\"Organizing\",\"1076\":\"Hop from one table to the other to talk to the guests\",\"1068\":\"Planning\",\"1069\":\"Leading\",\"1080\":\"The internet is down\",\"1083\":\"Step in, fix the problem, then step out and get back to your task of managing\",\"1078\":\"No supply of LPG\",\"1075\":\"All of the above\",\"1077\":\"Senior citizen complaining about his discount\",\"1091\":\"False\",\"1090\":\"True\",\"1087\":\"True\",\"1086\":\"True\",\"1085\":\"True\",\"1089\":\"False\",\"1088\":\"True\"}', 0, NULL),
(125, 147, 26, 25, NULL, 25, '2026-02-26 02:56:27', '{\"1081\":\"Customer complaining for waiting too long\",\"1077\":\"Senior citizen complaining about his discount\",\"1072\":\"There is a new and untrained staff\",\"1069\":\"Leading\",\"1074\":\"Looking for ways to increase transaction count of store\",\"1067\":\"Organizing\",\"1073\":\"Cascading Company Core Values\",\"1076\":\"Hop from one table to the other to talk to the guests\",\"1071\":\"Scorecard\",\"1079\":\"Overseeing operations\",\"1083\":\"Step in, fix the problem, then step out and get back to your task of managing\",\"1070\":\"Controlling\",\"1075\":\"Tasks that require handling cash\",\"1068\":\"Planning\",\"1078\":\"No supply of LPG\",\"1084\":\"Check the activities of each station regularly\",\"1082\":\"Read the endorsement logbook\",\"1080\":\"The internet is down\",\"1089\":\"False\",\"1091\":\"False\",\"1086\":\"True\",\"1085\":\"True\",\"1090\":\"True\",\"1087\":\"True\",\"1088\":\"True\"}', 0, NULL),
(126, 147, 33, 25, NULL, 25, '2026-02-26 02:56:33', '{\"1073\":\"Cascading Company Core Values\",\"1076\":\"Hop from one table to the other to talk to the guests\",\"1078\":\"No supply of LPG\",\"1083\":\"Step in, fix the problem, then step out and get back to your task of managing\",\"1074\":\"Looking for ways to increase transaction count of store\",\"1067\":\"Organizing\",\"1080\":\"The internet is down\",\"1069\":\"Leading\",\"1070\":\"Controlling\",\"1081\":\"Customer complaining for waiting too long\",\"1077\":\"Senior citizen complaining about his discount\",\"1082\":\"Read the endorsement logbook\",\"1068\":\"Planning\",\"1072\":\"There is a new and untrained staff\",\"1075\":\"Tasks that require handling cash\",\"1071\":\"Scorecard\",\"1079\":\"Overseeing operations\",\"1084\":\"Check the activities of each station regularly\",\"1087\":\"True\",\"1089\":\"False\",\"1088\":\"True\",\"1085\":\"True\",\"1090\":\"True\",\"1086\":\"True\",\"1091\":\"False\"}', 0, NULL),
(127, 147, 35, 23, NULL, 25, '2026-02-26 02:57:57', '{\"1074\":\"Looking for ways to increase transaction count of store\",\"1083\":\"Step in, fix the problem, then step out and get back to your task of managing\",\"1076\":\"Hop from one table to the other to talk to the guests\",\"1070\":\"Controlling\",\"1081\":\"Customer complaining for waiting too long\",\"1073\":\"Cascading Company Core Values\",\"1082\":\"Read the endorsement logbook\",\"1071\":\"Scorecard\",\"1079\":\"Make a game plan\",\"1084\":\"Check the activities of each station regularly\",\"1067\":\"Organizing\",\"1080\":\"The internet is down\",\"1075\":\"Tasks that require handling cash\",\"1077\":\"Senior citizen complaining about his discount\",\"1068\":\"Planning\",\"1078\":\"No supply of LPG\",\"1069\":\"Leading\",\"1072\":\"There is a new and untrained staff\",\"1090\":\"True\",\"1089\":\"True\",\"1091\":\"False\",\"1087\":\"True\",\"1085\":\"True\",\"1088\":\"True\",\"1086\":\"True\"}', 0, NULL),
(128, 147, 37, 22, NULL, 25, '2026-02-26 02:58:38', '{\"1069\":\"Leading\",\"1083\":\"Step in, fix the problem, then step out and get back to your task of managing\",\"1075\":\"All of the above\",\"1072\":\"There is a new and untrained staff\",\"1070\":\"Controlling\",\"1071\":\"Scorecard\",\"1068\":\"Planning\",\"1067\":\"Organizing\",\"1081\":\"Customer complaining for waiting too long\",\"1076\":\"Hop from one table to the other to talk to the guests\",\"1078\":\"No supply of LPG\",\"1079\":\"Overseeing operations\",\"1077\":\"Senior citizen complaining about his discount\",\"1073\":\"Cascading Company Core Values\",\"1080\":\"The internet is down\",\"1074\":\"Looking for ways to increase transaction count of store\",\"1082\":\"Read the endorsement logbook\",\"1084\":\"All of the above\",\"1089\":\"True\",\"1087\":\"True\",\"1088\":\"True\",\"1090\":\"True\",\"1086\":\"True\",\"1091\":\"False\",\"1085\":\"True\"}', 0, NULL),
(129, 148, 34, 18, NULL, 20, '2026-02-26 03:01:31', '{\"1094\":\"5\\/5\\/6005\",\"1108\":\"To know when the goal should be achieved\",\"1100\":\"Scorecard\",\"1097\":\"Customer Service Oriented\",\"1104\":\"+, +, +, +\\/-, Y, Y, Y\",\"1096\":\"+\\/-\",\"1110\":\"Train staff to serve customers better by end of quarter\",\"1107\":\"Increase delivery orders by 30% within the delivery grid\",\"1106\":\"Measurable\",\"1095\":\"Teamwork\",\"1092\":\"Integrity\",\"1111\":\"Encourage employees to work better and avoid mistakes by end of quarter.\",\"1105\":\"I.D.S. (Issues, Discussion, Solve)\",\"1093\":\"Always open and willing to serve\",\"1109\":\"It ensures the goal can be achieved with available time, people, and resources\",\"1101\":\"Excellence\",\"1102\":\"Right Away Service\",\"1103\":\"Wants It (Gusto niya ang trabaho)\",\"1098\":\"L30 Meetings\",\"1099\":\"+\"}', 0, NULL),
(130, 148, 36, 20, NULL, 20, '2026-02-26 03:01:35', '{\"1101\":\"Excellence\",\"1108\":\"To know when the goal should be achieved\",\"1094\":\"5\\/5\\/6005\",\"1100\":\"Scorecard\",\"1092\":\"Integrity\",\"1098\":\"L30 Meetings\",\"1105\":\"I.D.S. (Issues, Discussion, Solve)\",\"1102\":\"Right Away Service\",\"1099\":\"+\",\"1109\":\"It ensures the goal can be achieved with available time, people, and resources\",\"1107\":\"Increase delivery orders by 30% within the delivery grid\",\"1095\":\"Teamwork\",\"1093\":\"Always open and willing to serve\",\"1103\":\"Wants It (Gusto niya ang trabaho)\",\"1096\":\"+\\/-\",\"1104\":\"+, +, +, +\\/-, Y, Y, Y\",\"1106\":\"Measurable\",\"1110\":\"Increase customer satisfaction scores by 30% within three months by conducting weekly service coaching and monitoring customer feedback\",\"1111\":\"Increase delivery sales by 35% within three months by distributing 5,000 flyers within the delivery area.\",\"1097\":\"Customer Service Oriented\"}', 0, NULL),
(131, 148, 28, 20, NULL, 20, '2026-02-26 03:02:44', '{\"1093\":\"Always open and willing to serve\",\"1100\":\"Scorecard\",\"1110\":\"Increase customer satisfaction scores by 30% within three months by conducting weekly service coaching and monitoring customer feedback\",\"1102\":\"Right Away Service\",\"1101\":\"Excellence\",\"1106\":\"Measurable\",\"1103\":\"Wants It (Gusto niya ang trabaho)\",\"1105\":\"I.D.S. (Issues, Discussion, Solve)\",\"1108\":\"To know when the goal should be achieved\",\"1098\":\"L30 Meetings\",\"1111\":\"Increase delivery sales by 35% within three months by distributing 5,000 flyers within the delivery area.\",\"1099\":\"+\",\"1107\":\"Increase delivery orders by 30% within the delivery grid\",\"1095\":\"Teamwork\",\"1097\":\"Customer Service Oriented\",\"1092\":\"Integrity\",\"1094\":\"5\\/5\\/6005\",\"1109\":\"It ensures the goal can be achieved with available time, people, and resources\",\"1096\":\"+\\/-\",\"1104\":\"+, +, +, +\\/-, Y, Y, Y\"}', 0, NULL),
(132, 148, 38, 19, NULL, 20, '2026-02-26 03:02:54', '{\"1097\":\"Customer Service Oriented\",\"1104\":\"+, +, +, +\\/-, Y, Y, Y\",\"1099\":\"+\\/-\",\"1102\":\"Right Away Service\",\"1111\":\"Increase delivery sales by 35% within three months by distributing 5,000 flyers within the delivery area.\",\"1110\":\"Increase customer satisfaction scores by 30% within three months by conducting weekly service coaching and monitoring customer feedback\",\"1094\":\"5\\/5\\/6005\",\"1109\":\"It ensures the goal can be achieved with available time, people, and resources\",\"1107\":\"Increase delivery orders by 30% within the delivery grid\",\"1105\":\"I.D.S. (Issues, Discussion, Solve)\",\"1093\":\"Always open and willing to serve\",\"1092\":\"Integrity\",\"1103\":\"Wants It (Gusto niya ang trabaho)\",\"1096\":\"+\\/-\",\"1100\":\"Scorecard\",\"1101\":\"Excellence\",\"1098\":\"L30 Meetings\",\"1106\":\"Measurable\",\"1108\":\"To know when the goal should be achieved\",\"1095\":\"Teamwork\"}', 0, NULL),
(133, 148, 27, 19, NULL, 20, '2026-02-26 03:03:28', '{\"1109\":\"It ensures the goal can be achieved with available time, people, and resources\",\"1100\":\"Scorecard\",\"1099\":\"+\",\"1094\":\"5\\/5\\/6005\",\"1110\":\"Increase customer satisfaction scores by 30% within three months by conducting weekly service coaching and monitoring customer feedback\",\"1097\":\"Customer Service Oriented\",\"1104\":\"+, +, +, +\\/-, Y, Y, Y\",\"1111\":\"Increase delivery sales by 35% within three months by distributing 5,000 flyers within the delivery area.\",\"1107\":\"Increase delivery orders by 30% within the delivery grid\",\"1106\":\"Measurable\",\"1098\":\"L30 Meetings\",\"1108\":\"To know when the goal should be achieved\",\"1105\":\"Customer \\/ Employee Headlines\",\"1096\":\"+\\/-\",\"1095\":\"Teamwork\",\"1101\":\"Excellence\",\"1093\":\"Always open and willing to serve\",\"1103\":\"Wants It (Gusto niya ang trabaho)\",\"1092\":\"Integrity\",\"1102\":\"Right Away Service\"}', 0, NULL),
(134, 148, 30, 20, NULL, 20, '2026-02-26 03:03:31', '{\"1097\":\"Customer Service Oriented\",\"1095\":\"Teamwork\",\"1098\":\"L30 Meetings\",\"1109\":\"It ensures the goal can be achieved with available time, people, and resources\",\"1102\":\"Right Away Service\",\"1103\":\"Wants It (Gusto niya ang trabaho)\",\"1099\":\"+\",\"1101\":\"Excellence\",\"1104\":\"+, +, +, +\\/-, Y, Y, Y\",\"1092\":\"Integrity\",\"1111\":\"Increase delivery sales by 35% within three months by distributing 5,000 flyers within the delivery area.\",\"1094\":\"5\\/5\\/6005\",\"1110\":\"Increase customer satisfaction scores by 30% within three months by conducting weekly service coaching and monitoring customer feedback\",\"1108\":\"To know when the goal should be achieved\",\"1096\":\"+\\/-\",\"1106\":\"Measurable\",\"1100\":\"Scorecard\",\"1093\":\"Always open and willing to serve\",\"1107\":\"Increase delivery orders by 30% within the delivery grid\",\"1105\":\"I.D.S. (Issues, Discussion, Solve)\"}', 0, NULL),
(135, 148, 32, 18, NULL, 20, '2026-02-26 03:03:39', '{\"1111\":\"Increase delivery sales by 35% within three months by distributing 5,000 flyers within the delivery area.\",\"1100\":\"Scorecard\",\"1092\":\"Integrity\",\"1099\":\"+\",\"1102\":\"Right Away Service\",\"1101\":\"Customer Service Oriented\",\"1093\":\"Always open and willing to serve\",\"1108\":\"To know when the goal should be achieved\",\"1107\":\"Increase delivery orders by 30% within the delivery grid\",\"1096\":\"+\\/-\",\"1109\":\"It ensures the goal can be achieved with available time, people, and resources\",\"1110\":\"Increase customer satisfaction scores by 30% within three months by conducting weekly service coaching and monitoring customer feedback\",\"1094\":\"5\\/5\\/6005\",\"1098\":\"L30 Meetings\",\"1097\":\"Excellence\",\"1106\":\"Measurable\",\"1105\":\"I.D.S. (Issues, Discussion, Solve)\",\"1103\":\"Wants It (Gusto niya ang trabaho)\",\"1095\":\"Teamwork\",\"1104\":\"+, +, +, +\\/-, Y, Y, Y\"}', 0, NULL),
(136, 148, 25, 18, NULL, 20, '2026-02-26 03:04:01', '{\"1099\":\"+\",\"1111\":\"Increase delivery sales by 35% within three months by distributing 5,000 flyers within the delivery area.\",\"1110\":\"Train staff to serve customers better by end of quarter\",\"1095\":\"Teamwork\",\"1098\":\"L30 Meetings\",\"1094\":\"5\\/5\\/6005\",\"1108\":\"To know when the goal should be achieved\",\"1106\":\"Measurable\",\"1107\":\"Improve store performance\",\"1092\":\"Integrity\",\"1096\":\"+\\/-\",\"1105\":\"I.D.S. (Issues, Discussion, Solve)\",\"1093\":\"Always open and willing to serve\",\"1102\":\"Right Away Service\",\"1101\":\"Excellence\",\"1097\":\"Customer Service Oriented\",\"1109\":\"It ensures the goal can be achieved with available time, people, and resources\",\"1104\":\"+, +, +, +\\/-, Y, Y, Y\",\"1103\":\"Wants It (Gusto niya ang trabaho)\",\"1100\":\"Scorecard\"}', 0, NULL),
(137, 148, 33, 20, NULL, 20, '2026-02-26 03:04:47', '{\"1095\":\"Teamwork\",\"1111\":\"Increase delivery sales by 35% within three months by distributing 5,000 flyers within the delivery area.\",\"1092\":\"Integrity\",\"1094\":\"5\\/5\\/6005\",\"1102\":\"Right Away Service\",\"1106\":\"Measurable\",\"1104\":\"+, +, +, +\\/-, Y, Y, Y\",\"1105\":\"I.D.S. (Issues, Discussion, Solve)\",\"1093\":\"Always open and willing to serve\",\"1097\":\"Customer Service Oriented\",\"1109\":\"It ensures the goal can be achieved with available time, people, and resources\",\"1110\":\"Increase customer satisfaction scores by 30% within three months by conducting weekly service coaching and monitoring customer feedback\",\"1096\":\"+\\/-\",\"1098\":\"L30 Meetings\",\"1103\":\"Wants It (Gusto niya ang trabaho)\",\"1107\":\"Increase delivery orders by 30% within the delivery grid\",\"1101\":\"Excellence\",\"1108\":\"To know when the goal should be achieved\",\"1100\":\"Scorecard\",\"1099\":\"+\"}', 0, NULL),
(138, 148, 26, 20, NULL, 20, '2026-02-26 03:06:17', '{\"1104\":\"+, +, +, +\\/-, Y, Y, Y\",\"1092\":\"Integrity\",\"1094\":\"5\\/5\\/6005\",\"1093\":\"Always open and willing to serve\",\"1103\":\"Wants It (Gusto niya ang trabaho)\",\"1110\":\"Increase customer satisfaction scores by 30% within three months by conducting weekly service coaching and monitoring customer feedback\",\"1109\":\"It ensures the goal can be achieved with available time, people, and resources\",\"1105\":\"I.D.S. (Issues, Discussion, Solve)\",\"1106\":\"Measurable\",\"1100\":\"Scorecard\",\"1095\":\"Teamwork\",\"1111\":\"Increase delivery sales by 35% within three months by distributing 5,000 flyers within the delivery area.\",\"1107\":\"Increase delivery orders by 30% within the delivery grid\",\"1098\":\"L30 Meetings\",\"1102\":\"Right Away Service\",\"1099\":\"+\",\"1108\":\"To know when the goal should be achieved\",\"1101\":\"Excellence\",\"1096\":\"+\\/-\",\"1097\":\"Customer Service Oriented\"}', 0, NULL),
(139, 148, 35, 19, NULL, 20, '2026-02-26 03:07:47', '{\"1103\":\"Wants It (Gusto niya ang trabaho)\",\"1098\":\"L30 Meetings\",\"1096\":\"\\u2013\",\"1111\":\"Increase delivery sales by 35% within three months by distributing 5,000 flyers within the delivery area.\",\"1094\":\"5\\/5\\/6005\",\"1108\":\"To know when the goal should be achieved\",\"1102\":\"Right Away Service\",\"1110\":\"Increase customer satisfaction scores by 30% within three months by conducting weekly service coaching and monitoring customer feedback\",\"1100\":\"Scorecard\",\"1099\":\"+\",\"1104\":\"+, +, +, +\\/-, Y, Y, Y\",\"1107\":\"Increase delivery orders by 30% within the delivery grid\",\"1093\":\"Always open and willing to serve\",\"1106\":\"Measurable\",\"1092\":\"Integrity\",\"1105\":\"I.D.S. (Issues, Discussion, Solve)\",\"1095\":\"Teamwork\",\"1109\":\"It ensures the goal can be achieved with available time, people, and resources\",\"1101\":\"Excellence\",\"1097\":\"Customer Service Oriented\"}', 0, NULL),
(140, 147, 29, 21, NULL, 25, '2026-02-26 03:07:58', '{\"1078\":\"No supply of LPG\",\"1080\":\"The internet is down\",\"1070\":\"Planning\",\"1081\":\"Customer complaining for waiting too long\",\"1071\":\"Scorecard\",\"1083\":\"Step in, fix the problem, then step out and get back to your task of managing\",\"1082\":\"Read the endorsement logbook\",\"1073\":\"Cascading Company Core Values\",\"1067\":\"Organizing\",\"1077\":\"Senior citizen complaining about his discount\",\"1069\":\"Leading\",\"1084\":\"All of the above\",\"1076\":\"Hop from one table to the other to talk to the guests\",\"1075\":\"Tasks that require handling cash\",\"1072\":\"There is a new and untrained staff\",\"1074\":\"Looking for ways to increase transaction count of store\",\"1079\":\"Overseeing operations\",\"1068\":\"Leading\",\"1086\":\"True\",\"1089\":\"True\",\"1091\":\"False\",\"1087\":\"True\",\"1088\":\"True\",\"1085\":\"True\",\"1090\":\"True\"}', 0, NULL),
(141, 147, 31, 21, NULL, 25, '2026-02-26 03:08:23', '{\"1079\":\"Overseeing operations\",\"1072\":\"There is a new and untrained staff\",\"1070\":\"Organizing\",\"1073\":\"Cascading Company Core Values\",\"1081\":\"Customer complaining for waiting too long\",\"1084\":\"All of the above\",\"1077\":\"Senior citizen complaining about his discount\",\"1080\":\"The internet is down\",\"1069\":\"Leading\",\"1074\":\"Looking for ways to increase transaction count of store\",\"1078\":\"No supply of LPG\",\"1071\":\"Scorecard\",\"1082\":\"Read the endorsement logbook\",\"1075\":\"Settling differences between two employees\",\"1083\":\"Step in, fix the problem, then step out and get back to your task of managing\",\"1068\":\"Planning\",\"1076\":\"Hop from one table to the other to talk to the guests\",\"1067\":\"Organizing\",\"1088\":\"True\",\"1091\":\"False\",\"1090\":\"True\",\"1089\":\"True\",\"1085\":\"True\",\"1086\":\"True\",\"1087\":\"True\"}', 0, NULL),
(142, 147, 39, 24, NULL, 25, '2026-02-26 03:09:02', '{\"1069\":\"Leading\",\"1080\":\"The internet is down\",\"1083\":\"Step in, fix the problem, then step out and get back to your task of managing\",\"1077\":\"Senior citizen complaining about his discount\",\"1068\":\"Planning\",\"1081\":\"Customer complaining for waiting too long\",\"1073\":\"Cascading Company Core Values\",\"1072\":\"There is a new and untrained staff\",\"1082\":\"Read the endorsement logbook\",\"1074\":\"Looking for ways to increase transaction count of store\",\"1079\":\"Overseeing operations\",\"1075\":\"Tasks that require handling cash\",\"1078\":\"No supply of LPG\",\"1067\":\"Organizing\",\"1076\":\"Hop from one table to the other to talk to the guests\",\"1084\":\"Check the activities of each station regularly\",\"1071\":\"Scorecard\",\"1070\":\"Controlling\",\"1091\":\"False\",\"1088\":\"True\",\"1085\":\"True\",\"1089\":\"True\",\"1090\":\"True\",\"1087\":\"True\",\"1086\":\"True\"}', 0, NULL),
(143, 148, 37, 20, NULL, 20, '2026-02-26 03:11:10', '{\"1108\":\"To know when the goal should be achieved\",\"1104\":\"+, +, +, +\\/-, Y, Y, Y\",\"1096\":\"+\\/-\",\"1094\":\"5\\/5\\/6005\",\"1100\":\"Scorecard\",\"1106\":\"Measurable\",\"1097\":\"Customer Service Oriented\",\"1109\":\"It ensures the goal can be achieved with available time, people, and resources\",\"1095\":\"Teamwork\",\"1107\":\"Increase delivery orders by 30% within the delivery grid\",\"1110\":\"Increase customer satisfaction scores by 30% within three months by conducting weekly service coaching and monitoring customer feedback\",\"1098\":\"L30 Meetings\",\"1103\":\"Wants It (Gusto niya ang trabaho)\",\"1093\":\"Always open and willing to serve\",\"1105\":\"I.D.S. (Issues, Discussion, Solve)\",\"1099\":\"+\",\"1092\":\"Integrity\",\"1111\":\"Increase delivery sales by 35% within three months by distributing 5,000 flyers within the delivery area.\",\"1102\":\"Right Away Service\",\"1101\":\"Excellence\"}', 0, NULL),
(144, 148, 29, 19, NULL, 20, '2026-02-26 03:15:02', '{\"1095\":\"Teamwork\",\"1105\":\"I.D.S. (Issues, Discussion, Solve)\",\"1103\":\"Wants It (Gusto niya ang trabaho)\",\"1104\":\"+, +, +, +\\/-, Y, Y, Y\",\"1108\":\"To know when the goal should be achieved\",\"1092\":\"Integrity\",\"1107\":\"Increase delivery orders by 30% within the delivery grid\",\"1102\":\"7 Pillars of Service Cycle\",\"1111\":\"Increase delivery sales by 35% within three months by distributing 5,000 flyers within the delivery area.\",\"1097\":\"Customer Service Oriented\",\"1099\":\"+\",\"1100\":\"Scorecard\",\"1096\":\"+\\/-\",\"1094\":\"5\\/5\\/6005\",\"1106\":\"Measurable\",\"1109\":\"It ensures the goal can be achieved with available time, people, and resources\",\"1101\":\"Excellence\",\"1093\":\"Always open and willing to serve\",\"1098\":\"L30 Meetings\",\"1110\":\"Increase customer satisfaction scores by 30% within three months by conducting weekly service coaching and monitoring customer feedback\"}', 0, NULL),
(145, 148, 31, 20, NULL, 20, '2026-02-26 03:17:02', '{\"1096\":\"+\\/-\",\"1098\":\"L30 Meetings\",\"1106\":\"Measurable\",\"1099\":\"+\",\"1093\":\"Always open and willing to serve\",\"1095\":\"Teamwork\",\"1104\":\"+, +, +, +\\/-, Y, Y, Y\",\"1101\":\"Excellence\",\"1107\":\"Increase delivery orders by 30% within the delivery grid\",\"1110\":\"Increase customer satisfaction scores by 30% within three months by conducting weekly service coaching and monitoring customer feedback\",\"1108\":\"To know when the goal should be achieved\",\"1102\":\"Right Away Service\",\"1105\":\"I.D.S. (Issues, Discussion, Solve)\",\"1109\":\"It ensures the goal can be achieved with available time, people, and resources\",\"1092\":\"Integrity\",\"1111\":\"Increase delivery sales by 35% within three months by distributing 5,000 flyers within the delivery area.\",\"1100\":\"Scorecard\",\"1103\":\"Wants It (Gusto niya ang trabaho)\",\"1097\":\"Customer Service Oriented\",\"1094\":\"5\\/5\\/6005\"}', 0, NULL),
(146, 148, 39, 20, NULL, 20, '2026-02-26 03:22:09', '{\"1102\":\"Right Away Service\",\"1109\":\"It ensures the goal can be achieved with available time, people, and resources\",\"1092\":\"Integrity\",\"1100\":\"Scorecard\",\"1108\":\"To know when the goal should be achieved\",\"1107\":\"Increase delivery orders by 30% within the delivery grid\",\"1093\":\"Always open and willing to serve\",\"1111\":\"Increase delivery sales by 35% within three months by distributing 5,000 flyers within the delivery area.\",\"1104\":\"+, +, +, +\\/-, Y, Y, Y\",\"1099\":\"+\",\"1096\":\"+\\/-\",\"1094\":\"5\\/5\\/6005\",\"1110\":\"Increase customer satisfaction scores by 30% within three months by conducting weekly service coaching and monitoring customer feedback\",\"1106\":\"Measurable\",\"1103\":\"Wants It (Gusto niya ang trabaho)\",\"1101\":\"Excellence\",\"1095\":\"Teamwork\",\"1105\":\"I.D.S. (Issues, Discussion, Solve)\",\"1098\":\"L30 Meetings\",\"1097\":\"Customer Service Oriented\"}', 0, NULL);

-- --------------------------------------------------------

--
-- Table structure for table `questions`
--

CREATE TABLE `questions` (
  `id` int(11) NOT NULL,
  `exam_id` int(11) NOT NULL,
  `question` text NOT NULL,
  `question_description` text DEFAULT NULL,
  `question_type` enum('MCQ','True/False','Enumeration','Identification','FITB','Essay') NOT NULL,
  `max_score` int(11) NOT NULL DEFAULT 1,
  `option_a` varchar(255) DEFAULT NULL,
  `option_b` varchar(255) DEFAULT NULL,
  `option_c` varchar(255) DEFAULT NULL,
  `option_d` varchar(255) DEFAULT NULL,
  `correct_answer` varchar(255) NOT NULL
) ENGINE=InnoDB DEFAULT CHARSET=utf8mb4 COLLATE=utf8mb4_general_ci;

--
-- Dumping data for table `questions`
--

INSERT INTO `questions` (`id`, `exam_id`, `question`, `question_description`, `question_type`, `max_score`, `option_a`, `option_b`, `option_c`, `option_d`, `correct_answer`) VALUES
(955, 143, 'Basic duties of a Service Crew: 1) Clean and prepare, 2) Serve and assist, & 3) Inventory, Reports, and endorse', 'Write the word TRUE if the statement is correct and FALSE if the statement is incorrect.', 'True/False', 1, '', '', '', '', 'TRUE'),
(956, 143, 'DR7 Four Seasons’ standard ingredients is 100g Pineapple tidbits, 1 pack mango puree, 1/2 jigger of Guyabano Extract, 1/2 jigger calamansi extract, 1/2 jigger of sugar syrup, 1/2 jigger of grenadine syrup and 8 oz of crushed ice', 'Write the word TRUE if the statement is correct and FALSE if the statement is incorrect.', 'True/False', 1, '', '', '', '', 'FALSE'),
(957, 143, 'Standard preparation of DR1 Chrysanthemum drinks is Put 50 grams of Chrysanthemum powder in 16 oz cambro  glass, 5 cubes of ice and add 12 oz of Purified water shake to ensure granules are completely diluted.', 'Write the word TRUE if the statement is correct and FALSE if the statement is incorrect.', 'True/False', 1, '', '', '', '', 'TRUE'),
(958, 143, 'Basic duties of a Kitchen Staff 1) Clean and prepare, 2) Serve and assist, & 3) Inventory, Report, and Endorse', 'Write the word TRUE if the statement is correct and FALSE if the statement is incorrect.', 'True/False', 1, '', '', '', '', 'TRUE'),
(959, 143, 'To check for possible gas leak, we use the sensory evaluation test on the gas cylinder tank and gas connection pipe', 'Write the word TRUE if the statement is correct and FALSE if the statement is incorrect.', 'True/False', 1, '', '', '', '', 'FALSE'),
(960, 143, 'The policy on Pre-opening and Closing Procedure is applicable only to North Park branches.', 'Write the word TRUE if the statement is correct and FALSE if the statement is incorrect.', 'True/False', 1, '', '', '', '', 'FALSE'),
(961, 143, 'The safe holding time for steamed rice in a rice warmer is 6 hours.', 'Write the word TRUE if the statement is correct and FALSE if the statement is incorrect.', 'True/False', 1, '', '', '', '', 'TRUE'),
(962, 143, 'In the absence of the Store Admin Assistant during sales pick-up, the Store Manager or the Assistant Store Manager can take their place.', 'Write the word TRUE if the statement is correct and FALSE if the statement is incorrect.', 'True/False', 1, '', '', '', '', 'TRUE'),
(963, 143, 'MEMC stands for Most Expensive Meal Cost.', 'Write the word TRUE if the statement is correct and FALSE if the statement is incorrect.', 'True/False', 1, '', '', '', '', 'FALSE'),
(964, 143, 'Change Fund is the fund solely established for purposes of making change for customers who are purchasing goods or services.', 'Write the word TRUE if the statement is correct and FALSE if the statement is incorrect.', 'True/False', 1, '', '', '', '', 'TRUE'),
(965, 143, 'For guests with dietary restriction on pork and wants to eat Noodles in Soup, we can use Chicken stock soup base.', 'Write the word TRUE if the statement is correct and FALSE if the statement is incorrect.', 'True/False', 1, '', '', '', '', 'TRUE'),
(966, 143, 'We can offer GRC to dine-in customers as long as they meet the minimum order of 10.', 'Write the word TRUE if the statement is correct and FALSE if the statement is incorrect.', 'True/False', 1, '', '', '', '', 'FALSE'),
(967, 143, 'Store Fact Sheet is submitted to Audit Department semi-annually.', 'Write the word TRUE if the statement is correct and FALSE if the statement is incorrect.', 'True/False', 1, '', '', '', '', 'FALSE'),
(968, 143, 'One of our store’s chest type freezers registered a temperature of 2°C, I should report this to Sir Herman of Purchasing immediately.', 'Write the word TRUE if the statement is correct and FALSE if the statement is incorrect.', 'True/False', 1, '', '', '', '', 'FALSE'),
(969, 143, 'All aircon problems are directed to Engineering Department.', 'Write the word TRUE if the statement is correct and FALSE if the statement is incorrect.', 'True/False', 1, '', '', '', '', 'TRUE'),
(970, 143, 'Who is responsible for ensuring that the pre-opening and closing schedules are followed?', 'Read the questions carefully and encircle the correct answer.', 'MCQ', 1, 'Security Guard', 'Cashier', 'On-duty Manager', 'Kitchen Supervisor', 'On-duty Manager'),
(971, 143, 'What is the first step in the store pre-opening procedure?', 'Read the questions carefully and encircle the correct answer.', 'MCQ', 1, 'Open POS system', 'Conduct staff briefing', 'Log time of arrival in employee log sheet', 'Read endorsement logbook', 'Log time of arrival in employee log sheet'),
(972, 143, 'What should be done if there are issues with the POS system before opening?', 'Read the questions carefully and encircle the correct answer.', 'MCQ', 1, 'Ask approval from Area Manager', 'Report to MIS Department', 'Call PLDT and get ticket number', 'Ask the cashier to fix it', 'Report to MIS Department'),
(973, 143, 'What is included in the sensory test during pre-opening?', 'Read the questions carefully and encircle the correct answer.', 'MCQ', 1, 'Staff grooming', 'Equipment temperature checking', 'Taste and texture of food', 'Inventory count', 'Taste and texture of food'),
(974, 143, 'What is the last step before officially opening the store?', 'Read the questions carefully and encircle the correct answer.', 'MCQ', 1, 'Conduct staff briefing', 'Switch ON the Open signage', 'Punch IN in the biometric device', 'Read endorsement logbook', 'Switch ON the Open signage'),
(975, 143, 'What should be done during pre-closing regarding LPG?', 'Read the questions carefully and encircle the correct answer.', 'MCQ', 1, 'Shut-off gate valve', 'Shut-off gate valve and record LPG reading', 'Leave it with the Kitchen Supervisor', 'Ask assistance from the LPG provider', 'Shut-off gate valve and record LPG reading'),
(976, 143, 'What must be done in the cashier station during pre-closing?', 'Read the questions carefully and encircle the correct answer.', 'MCQ', 1, 'Shut-off the POS monitor', 'Count tip collection', 'End of day reading and deposit sales', 'Conduct Inventory of office supplies', 'End of day reading and deposit sales'),
(977, 143, 'What is the penalty for the first offense of non-compliance with pre-opening and closing procedures?', 'Read the questions carefully and encircle the correct answer.', 'MCQ', 1, 'Verbal warning', '3 days suspension', '6 days suspension', 'Dismissal', '6 days suspension'),
(978, 143, 'What should be included in the endorsement for the AM shift?', 'Read the questions carefully and encircle the correct answer.', 'MCQ', 1, 'Guest feedback', 'Equipment status', 'Product Inventory', 'All of the above', 'All of the above'),
(979, 143, 'What is 5-star meal?', 'Read the questions carefully and encircle the correct answer.', 'MCQ', 1, 'Appetizer, drinks, dessert, main dish, siopao', 'Dimsum, Main dish, drinks, dessert & take out', 'Noodles, drinks, dessert, dimsum & take out', 'Siopao, toast, congee, dessert & soup', 'Dimsum, Main dish, drinks, dessert & take out'),
(980, 143, 'An area under the dining station wherein the following should be checked: cleanliness of parking, signage and marketing collaterals, lightings, and glass panel.', 'Read the questions carefully and encircle the correct answer.', 'MCQ', 1, 'Gas farm', 'BT area', 'Store façade', 'Kitchen area', 'Store façade'),
(981, 143, 'How long should we do the Pre-opening and closing procedure of store?', 'Read the questions carefully and encircle the correct answer.', 'MCQ', 1, '1 hour', '30 minutes', '2 hours', '20 minutes', '1 hour'),
(982, 143, 'An area wherein we check its cleanliness, stock availability, functionality of equipment. Siopao steamer, blender, water boiler, ice crusher, and rice warmer, condiments back-up sauces and CTC, packaging and take out container.', 'Read the questions carefully and encircle the correct answer.', 'MCQ', 1, 'Gas farm', 'BT area', 'Store façade', 'Kitchen area', 'BT area'),
(983, 143, 'Kitchen Area wherein we check to ensure its cleanliness, garbage bin, sink, drainage & grease trap.', 'Read the questions carefully and encircle the correct answer.', 'MCQ', 1, 'Bar sink', 'Dishwashing area', 'Roasting area', 'Stockroom', 'Dishwashing area'),
(984, 143, 'This is an area where we check the following: cleanliness, air freshener, lightings, amenities, tissue, hand soap, sanitizer, hand dryer, bidet, lavatory and garbage bins.', 'Read the questions carefully and encircle the correct answer.', 'MCQ', 1, 'Comfort room', 'Gas room', 'Lactation room', 'Stockroom', 'Comfort room'),
(985, 143, 'As part of Travel path, we conduct sensory test on prepared food and ingredients. What are these kitchen products?', 'Read the questions carefully and encircle the correct answer.', 'MCQ', 1, 'Congee, soup, LO rice, Nanking beef, Aniseed Beef Tendon, Soy & White chicken, Dining sauces', 'Wanton, soup, LO rice, Nanking beef, Aniseed Beef Tendon, Soy & White chicken, Dining sauces', 'Congee, soup, Fried rice, Nanking beef, Aniseed Beef Tendon, Soy & White chicken, Dining sauces', 'Congee, soup, LO rice, Nanking beef, Aniseed Beef Tendon, China chicken, Dining sauces', 'Congee, soup, LO rice, Nanking beef, Aniseed Beef Tendon, Soy & White chicken, Dining sauces'),
(986, 143, 'What is the standard Holding Time of Baine Marie?', 'Read the questions carefully and encircle the correct answer.', 'MCQ', 1, '100˚C', '50˚C', '60˚C', '70˚C', '70˚C'),
(987, 143, 'In the production of IP Wanton Dumpling, how many will 1 kg yield?', 'Read the questions carefully and encircle the correct answer.', 'MCQ', 1, '60 pcs', '50 pcs', '55 pcs', '65 pcs', '55 pcs'),
(988, 143, 'In the Opening procedure in the Kitchen Area, what equipment needs to open first?', 'Read the questions carefully and encircle the correct answer.', 'MCQ', 1, 'Exhaust', 'Lightings', 'Aircon', 'Gas Valve', 'Exhaust'),
(989, 143, '1 kg of IP Pinsec Filling will yield how many pieces of Pinsec?', 'Read the questions carefully and encircle the correct answer.', 'MCQ', 1, '110 pcs', '120 pcs', '130 pcs', '140 pcs', '130 pcs'),
(990, 143, 'Standard Temperature of Fryer is __?', 'Read the questions carefully and encircle the correct answer.', 'MCQ', 1, '300 ˚F', '350 ˚F', '375 ˚F', '400 ˚F', '350 ˚F'),
(991, 143, 'In One (1) piece of Fresh Chicken, how many orders of Soy Chicken serve with Rice will it produce?', 'Read the questions carefully and encircle the correct answer.', 'MCQ', 1, '2', '3', '4', '5', '4'),
(992, 143, 'What is the Standard Holding Temperature of the Siopao Steamer?', 'Read the questions carefully and encircle the correct answer.', 'MCQ', 1, '100 ˚C', '90 ˚C', '80 ˚C', '70 ˚C', '70 ˚C'),
(993, 143, 'In one (1) case of Oyster Sauce, how many Liters are there?', 'Read the questions carefully and encircle the correct answer.', 'MCQ', 1, '10 Liters', '15 Liters', '20 Liters', '25 Liters', '25 Liters'),
(994, 143, 'To be accurate in Stock Requesting; What form/report should be used?', 'Read the questions carefully and encircle the correct answer.', 'MCQ', 1, 'Minimum and Maximum Balance Stock', 'FFE Transfer Slip', 'PPO Request Form', 'Consolidated Cashier Report', 'Minimum and Maximum Balance Stock'),
(995, 143, 'In 1 kg of IP Pork Bola Bola; How many pieces it will produce?', 'Read the questions carefully and encircle the correct answer.', 'MCQ', 1, '55 pieces', '60 pieces', '65 pieces', '70 pieces', '60 pieces'),
(996, 143, 'What is the standard temperature of Freezer?', 'Read the questions carefully and encircle the correct answer.', 'MCQ', 1, '-18 ˚C\'', '5°C', '0 ˚C', '(negative) 5 ˚C', '(negative) 18 ˚C'),
(997, 143, 'How many orders of Fried Rice will a 2.5kg of Sinandomeng Rice produce?', 'Read the questions carefully and encircle the correct answer.', 'MCQ', 1, '5 orders of Fried Rice', '6 orders of Fried Rice', '7 orders of Fried Rice', '8 orders of Fried Rice', '7 orders of Fried Rice'),
(998, 143, 'Identify what are the common cause of Clogged Drainage?', 'Read the questions carefully and encircle the correct answer.', 'MCQ', 1, 'Grease, Fats, Oil from Cooking', 'Food Scrap and Rice', 'Mop Fiber, Plastic, Baby Wipes and Napkins', 'All of the Above', 'All of the Above'),
(999, 143, 'In 1kg of IP Congee Rice, how many Regular portion of congee will it produce?', 'Read the questions carefully and encircle the correct answer.', 'MCQ', 1, '5 ord', '10 ord', '15 ord', '20 ord', '10 ord'),
(1000, 143, 'What is the correct temperature of Chiller Ref?', 'Read the questions carefully and encircle the correct answer.', 'MCQ', 1, '0°C to 5°C', '-18°C to 22°C', '6 °C to 10°C', '– 5°C', '0°C to 5°C'),
(1001, 143, 'How many orders of Taipao in 1 pack?', 'Read the questions carefully and encircle the correct answer.', 'MCQ', 1, '6 orders', '12 orders', '24 orders', '36 orders', '6 orders'),
(1002, 143, 'How many orders of Asado Siopao in 1 pack?', 'Read the questions carefully and encircle the correct answer.', 'MCQ', 1, '6 orders', '12 orders', '24 orders', '36 orders', '6 orders'),
(1003, 143, 'How many orders of Bola Siopao in 1 pack?', 'Read the questions carefully and encircle the correct answer.', 'MCQ', 1, '6 orders', '12 orders', '24 orders', '36 orders', '12 orders'),
(1004, 143, 'How many liters of water are needed when preparing 2 packs of Nestea Iced Tea?', 'Read the questions carefully and encircle the correct answer.', 'MCQ', 1, '8 Liters', '10 Liters', '12 Liters', '16 Liters', '16 Liters'),
(1005, 143, 'Which of the following does not require sugar syrup?', 'Read the questions carefully and encircle the correct answer.', 'MCQ', 1, 'D 70', 'DR 4', 'D 63', 'D 65', 'DR 4'),
(1006, 143, 'How many pcs of Siomai in 1 order of Party Picks?', 'Read the questions carefully and encircle the correct answer.', 'MCQ', 1, '36 pcs', '48 pcs', '60 pcs', '72 pcs', '48 pcs'),
(1007, 143, '2 Liters of Apple Juice produces how many orders?', 'Read the questions carefully and encircle the correct answer.', 'MCQ', 1, '6 orders', '12 orders', '24 orders', '36 orders', '6 orders'),
(1008, 143, 'What information must be encoded in the system for SRC cardholders using ODOO?', 'Read the questions carefully and encircle the correct answer.', 'MCQ', 1, 'Name and address only', 'Name, contact number, and address', 'Name, date of birth, and type of ID', 'Name and SRC card number', 'Name, date of birth, and type of ID'),
(1009, 143, 'What should a cashier do first before starting each shift?', 'Read the questions carefully and encircle the correct answer.', 'MCQ', 1, 'Count sales', 'Log in to the POS', 'Read the cashier’s endorsement logbook', 'Prepare petty cash', 'Read the cashier’s endorsement logbook'),
(1010, 143, 'A person responsible for ensuring that petty cash funds are physically secured or attended by an authorized person at all times.', 'Read the questions carefully and encircle the correct answer.', 'MCQ', 1, 'Store Manager', 'Area Manager', 'Administrative Assistant', 'Cashier', 'Administrative Assistant'),
(1011, 143, 'Who is authorized to approve petty cash purchases below ₱1,000.00 in the branches?', 'Read the questions carefully and encircle the correct answer.', 'MCQ', 1, 'Cashier', 'Administrative Assistant', 'Store Manager', 'Area Manager', 'Store Manager'),
(1012, 143, 'If the petty cash purchase amount is ₱2,500.00, who should approve this purchase?', 'Read the questions carefully and encircle the correct answer.', 'MCQ', 1, 'Store Manager', 'Administrative Assistant', 'Finance Officer', 'Area Manager', 'Area Manager'),
(1013, 143, 'What documents must be provided to support all petty cash expenses?', 'Read the questions carefully and encircle the correct answer.', 'MCQ', 1, 'Official receipt only', 'Invoices or sales invoices plus additional supporting documents based on the transaction type', 'Delivery receipt only', 'Purchase request form', 'Invoices or sales invoices plus additional supporting documents based on the transaction type'),
(1014, 143, 'What is the maximum allowable amount for purchasing additional ice per day?', 'Read the questions carefully and encircle the correct answer.', 'MCQ', 1, '₱100 per day', '₱150 per day', '₱200 per day', '₱300 per day', '₱200 per day'),
(1015, 144, 'Unahing gamitin ang mga raw materials na mauunang ma-expire kahit nahuli itong i-receive.', 'Isulat sa patlang ang TAMA kung sumasang ayon ka sa pangungusap at Isulat naman ang MALI kung hindi ka sumasang ayon.', 'Identification', 1, '', '', '', '', 'TAMA'),
(1016, 144, 'Hindi na kailangang maghugas pa ng kamay kung gagamit din naman ng sanitizer at gloves sa paghawak ng pagkain .', 'Isulat sa patlang ang TAMA kung sumasang ayon ka sa pangungusap at Isulat naman ang MALI kung hindi ka sumasang ayon.', 'Identification', 1, '', '', '', '', 'MALI'),
(1017, 144, 'Tama lamang na hindi kaagad ma-sanitize ang mga utensils pagkatapos gamitin basta mahugasan ng mabuti dahil gagamitin parin naman ito sa susunod na gawain.', 'Isulat sa patlang ang TAMA kung sumasang ayon ka sa pangungusap at Isulat naman ang MALI kung hindi ka sumasang ayon.', 'Identification', 1, '', '', '', '', 'MALI'),
(1018, 144, 'Dapat lamang na panatilihin ang kalinisan at kaayusan sa lahat ng aspeto ng paggawa ng pagkain upang maiwasan ang food poisoning at product recalls.', 'Isulat sa patlang ang TAMA kung sumasang ayon ka sa pangungusap at Isulat naman ang MALI kung hindi ka sumasang ayon.', 'Identification', 1, '', '', '', '', 'TAMA'),
(1019, 144, 'Ang pagkakaroon ng nakaimbak na tubig o “stagnant water” ay isang dahilan upang magkaroon nang pagdami ng pest tulad ng lamok,  ipis at langaw atbpa.', 'Isulat sa patlang ang TAMA kung sumasang ayon ka sa pangungusap at Isulat naman ang MALI kung hindi ka sumasang ayon.', 'Identification', 1, '', '', '', '', 'TAMA'),
(1020, 144, 'Ang pagsusuot ng mga alahas, singsing, relo, hikaw, make-up, false eyelashes, paggamit ng pabango at paglalagay ng nail polish ay mahigpit na pinagbabawal dahil ito ay maaaring magdulot ng contamination sa pagkain.', 'Isulat sa patlang ang TAMA kung sumasang ayon ka sa pangungusap at Isulat naman ang MALI kung hindi ka sumasang ayon.', 'Identification', 1, '', '', '', '', 'TAMA'),
(1021, 144, 'Kung mayroong government inspectors na pumasyal sa restaurant upang mag inspect at mag audit, okay lang na walang dokumento o awtorisasyong dala basta may ID na maipakita.', 'Isulat sa patlang ang TAMA kung sumasang ayon ka sa pangungusap at Isulat naman ang MALI kung hindi ka sumasang ayon.', 'Identification', 1, '', '', '', '', 'MALI'),
(1022, 144, 'Okay lang na hindi magrenew at magsubmit ng Occupational Health Permit or Food Handler Permit basta maayos at walang karamdaman ang empleyado.', 'Isulat sa patlang ang TAMA kung sumasang ayon ka sa pangungusap at Isulat naman ang MALI kung hindi ka sumasang ayon.', 'Identification', 1, '', '', '', '', 'MALI'),
(1023, 144, 'Kung ang mga produkto na naideliver mula sa Commissary Plant ay sira na o panis na, nararapat lamang na itapon agad ito sa basurahan upang hindi bumaho at maamoy ng mga kostumer.', 'Isulat sa patlang ang TAMA kung sumasang ayon ka sa pangungusap at Isulat naman ang MALI kung hindi ka sumasang ayon.', 'Identification', 1, '', '', '', '', 'MALI'),
(1024, 144, 'Ang Grease Trap ay karaniwang nililinis at isina-sanitize isang beses isang araw.', 'Isulat sa patlang ang TAMA kung sumasang ayon ka sa pangungusap at Isulat naman ang MALI kung hindi ka sumasang ayon.', 'Identification', 1, '', '', '', '', 'MALI'),
(1025, 144, 'Ang ibig sabihin ng GMP para Food Safety ay:', 'Piliin ang Tamang Kasagutan:', 'MCQ', 1, 'Good Manufacturing Program', 'Good Manpower Practices', 'Good Manufacturing Practices', 'Good Material Promotion', 'Good Manufacturing Practices'),
(1026, 144, 'Ang pinaka MABISANG paraan para maiiwasan ang Pest sa mga restaurant?', 'Piliin ang Tamang Kasagutan:', 'MCQ', 1, 'Panatilihing sarado/selyado ang mga entry points', 'Panatilihing malinis at sanitized ang sahig', 'Sundin ang General Cleaning Procedures, mga polisiya sa Quality Standards at Pest Management Control Control at Waste Management Program.', 'Ipalinis at umasa sa Cleaners', 'Sundin ang General Cleaning Procedures, mga polisiya sa Quality Standards at Pest Management Control Control at Waste Management Program.'),
(1027, 144, 'Maliban sa daily cleaning, kailan at ilang beses dapat gawin ang general cleaning sa branch kung saan ang lahat ay kailangan linisin mula sahig, kisame, mga walls, machines, equipment sa bawat stations atbpa:', 'Piliin ang Tamang Kasagutan:', 'MCQ', 1, 'Isang beses sa isang linggo', 'Dalawang beses isang linggo', 'At least Isang beses sa isang buwan', 'Hindi na kailangan', 'At least Isang beses sa isang buwan'),
(1028, 144, 'Alin ang akma at tamang PPE o Uniform sa loob ng Kitchen o Kusina', 'Piliin ang Tamang Kasagutan:', 'MCQ', 1, 'Hairnet', 'Hand Gloves', 'Apron', 'Lahat ng mga nabanggit', 'Lahat ng mga nabanggit'),
(1029, 144, 'Ang GMP Certification ay Quality Program para Food Safety na naayon at kinakailangan para sa ….', 'Piliin ang Tamang Kasagutan:', 'MCQ', 1, 'Restaurant', 'Supplier', 'Commissary Plant', 'All of the Above', 'All of the Above'),
(1030, 144, 'Ano ang tawag sa uri ng pagkain na nakakadulot ng pag trigger ng allergic reaction sa mga tao?', 'Piliin ang Tamang Kasagutan:', 'MCQ', 1, 'Allergen', 'Eggs and Milk', 'Seafood and Shell Fish', 'Soy and Nuts', 'Allergen'),
(1031, 144, 'Tawag sa maayos na pagsasalansan ng mga IP Products mula sa naunang  i-receive hanggang sa pinaka huli?', 'Piliin ang Tamang Kasagutan:', 'MCQ', 1, 'First In - First Out', 'First Expiry - First Out', 'Proper Stacking', 'None of the Above', 'First In - First Out'),
(1032, 144, 'Ang employee’s Grooming para sa Kaligtasan ng mga Pagkaing Produkto o Food safety ay nauukol sa….', 'Piliin ang Tamang Kasagutan:', 'MCQ', 1, 'Tamang Pagsusuot ng Uniporme', 'Tamang Haircut, Walang Moustache and Beard', 'Malinis na uniporme at pangangatawan', 'Lahat ng Nabanggit', 'Lahat ng Nabanggit'),
(1033, 144, 'Kapag nagkaroon ng Customer Complaint, ano ang nararapat gawin?', 'Piliin ang Tamang Kasagutan:', 'MCQ', 1, 'Makinig at huwag makipagtalo sa Customer', 'Mag apologize at maging magalang', 'Kunin ang pagkaing inirereklamo upang maimbestigahan', 'Lahat ng Nabanggit', 'Lahat ng Nabanggit'),
(1034, 144, 'Kung mayroong sumigaw sa labas na may nagaganap na Sunog sa paligid, ano ang unang dapat gawin?', 'Piliin ang Tamang Kasagutan:', 'MCQ', 1, 'Sabihan agad ang mga customer at empleyado na mag evacuate agad para sa kaligtasan', 'Singilin agad ang mga customer para sa kanilang nakain', 'Isara ang mga pinto upang hindi makalabas ang mga customer', 'Alamin at iverify muna kung totoo ang balita bago umaksyon', 'Alamin at iverify muna kung totoo ang balita bago umaksyon'),
(1035, 145, 'Who are allowed to reimburse their transportation expense?', 'MULTIPLE CHOICE - Choose the CORRECT answer.', 'MCQ', 1, 'My Family Members', '3rd party Employees', 'North Park Employees', 'Guests', 'North Park Employees'),
(1036, 145, 'When is the submission of Petty Cash Replenishment?', 'MULTIPLE CHOICE - Choose the CORRECT answer.', 'MCQ', 1, 'Every 5th day of the succeeding month', 'Every 30th day of the succeeding month', 'When I feel it', 'When needed only', 'Every 5th day of the succeeding month'),
(1037, 145, 'How many days can the Custodian replenish the requestor\'s expense?', 'MULTIPLE CHOICE - Choose the CORRECT answer.', 'MCQ', 1, 'Not later than five (5) working days', 'Not later  than two (6) months', 'Not later than three (3) weeks', 'Not later that three (3) years', 'Not later than five (5) working days'),
(1038, 145, 'When MUST Grab or any 3rd party (Paymaya, Paymongo, Teleserv, & etc.) sales be reconciled?', 'MULTIPLE CHOICE - Choose the CORRECT answer.', 'MCQ', 1, 'The following day', 'Every Friday', 'Every end of month', 'When there is time to do it', 'The following day'),
(1039, 145, 'How much is the approval limit of the Store Manager?', 'MULTIPLE CHOICE - Choose the CORRECT answer.', 'MCQ', 1, 'P50.00', 'P1,000', 'P30,000.00', 'No limit/Unlimited', 'P1,000'),
(1040, 145, 'Below are the examples of allowed expenses EXCEPT:', 'MULTIPLE CHOICE - Choose the CORRECT answer.', 'MCQ', 1, 'Mango', 'Watermelon', 'Personal expenses', 'Transportation expenses', 'Personal expenses'),
(1041, 145, 'What will you do if there is a huge skip in SERVICE INVOICE series?', 'MULTIPLE CHOICE - Choose the CORRECT answer.', 'MCQ', 1, 'I will just use it.', 'I will not use the service invoice', 'Report to Admin Department', 'Wait for Accounting to call my attention', 'Report to Admin Department'),
(1042, 145, 'If the Senior Citizen doesn’t have SRC ID and wishes to avail his discount, what will you do?', 'MULTIPLE CHOICE - Choose the CORRECT answer.', 'MCQ', 1, 'Reject', 'I will give them Employee Discount instead', 'If he/she has white hair, then its ok!', 'Request for another primary ID', 'Request for another primary ID'),
(1043, 145, 'How much is the SRC/PWD discount of P300.00 (VAT exclusive)?', 'MULTIPLE CHOICE - Choose the CORRECT answer.', 'MCQ', 1, 'No Discount', '60% = P60.00', '360% = P360.00', '600% = P600.00', '60% = P60.00'),
(1044, 145, 'Given the orders, what products will be included in the MEMC with one (3) SRC only?', 'MULTIPLE CHOICE - Choose the CORRECT answer.', 'MCQ', 1, 'All', 'Item 4, & 5', 'Item 3, 3, & 5', 'Item 6 & 6', 'Item 4, & 5'),
(1045, 145, 'The Guest lost his/her Service Invoice and then requested for another copy, what will you do?', 'MULTIPLE CHOICE - Choose the CORRECT answer.', 'MCQ', 1, 'I will just give him the Pink copy', 'Decline the guest’s request', 'Coordinate first with Accounting Department', 'I will give him new Service Invoice.', 'Coordinate first with Accounting Department'),
(1046, 145, 'What is the FIRST thing you will do when you discovered that there is a discrepancy/wrong discount in grab?', 'MULTIPLE CHOICE - Choose the CORRECT answer.', 'MCQ', 1, 'Report to Accounting', 'I’ll just keep it to myself', 'I will immediately make an Appeal to Grab Customer Service', 'Fill-out ECS and submit to Accounting', 'I will immediately make an Appeal to Grab Customer Service'),
(1047, 145, 'When a customer complains that there is a missing item in his/her GRAB order, what will you do if the items has been confirmed as delivered?', 'MULTIPLE CHOICE - Choose the CORRECT answer.', 'MCQ', 1, 'I will wait for Accounting', 'Make an Incident Report', 'Make an Appeal/reimburse to Grab Customer Service', 'Ignore, not my concern!', 'Make an Appeal/reimburse to Grab Customer Service'),
(1048, 145, 'How will you receive button mushroom in Odoo?', 'MULTIPLE CHOICE - Choose the CORRECT answer.', 'MCQ', 1, 'Declare as Pieces', 'Declare as Cans (in KG)', 'Declare as Liter', 'Call a friend', 'Declare as Cans (in KG)'),
(1049, 145, 'Which of the following products is NOT applicable for any discount?', 'MULTIPLE CHOICE - Choose the CORRECT answer.', 'MCQ', 1, 'Siomai 6 pcs', 'Siomai 4 pcs', 'Pinsec Frito 8 pcs', 'Pinsec Frito 24 pcs', 'Pinsec Frito 24 pcs'),
(1050, 145, 'What is the MAX discount for employees?', 'MULTIPLE CHOICE - Choose the CORRECT answer.', 'MCQ', 1, 'P60.00', 'P40.00', '30%', '40%', 'P40.00'),
(1051, 145, 'Employees meal and waste should be encoded in Odoo _______.', 'MULTIPLE CHOICE - Choose the CORRECT answer.', 'MCQ', 1, 'Notes', 'Website', 'Inventory', 'Documents', 'Inventory'),
(1052, 145, 'When using petty cash funds for fruits or eggs, etc., buying watermelon should be encoded in _____', 'MULTIPLE CHOICE - Choose the CORRECT answer.', 'MCQ', 1, 'Receipts', 'Manufacturing', 'Internal Transfer', 'Returns', 'Receipts'),
(1053, 145, 'When MUST the Kitchen Supervisor confirm the Manufacturing in ODOO?', 'MULTIPLE CHOICE - Choose the CORRECT answer.', 'MCQ', 1, 'Every end of the year', 'Every end of shift', 'Every 6 months', 'Every end of the month', 'Every end of shift'),
(1054, 145, 'When it comes to receiving, what would you do if the P.O. did not match the delivery address?', 'MULTIPLE CHOICE - Choose the CORRECT answer.', 'MCQ', 1, 'I will just receive it', 'I will not receive any', 'I will inform Security Guard about this', 'I will receive and inform Purchasing', 'I will not receive any'),
(1055, 145, 'What will you do if there is an excess delivery of meat products?', 'MULTIPLE CHOICE - Choose the CORRECT answer.', 'MCQ', 1, 'I will declare the actual quantity', 'Just ignore it', 'Return it to Commissary', 'Cook the excess for employee’s meal', 'I will declare the actual quantity'),
(1056, 145, 'When month end is near, which is the BEST approach to make physical counting of inventory easier?', 'MULTIPLE CHOICE - Choose the CORRECT answer.', 'MCQ', 1, 'I will just count them all at once when the store closes.', 'I will do nothing and just wait for the closing.', 'I will start counting as early as possible.', 'Before closing of the store, I will start the actual count of nonmoving products, and make sure same products are in one place.', 'Before closing of the store, I will start the actual count of nonmoving products, and make sure same products are in one place.'),
(1057, 145, 'In manufacturing, the quantity of the product has larger amount than the usual. What will you do to correct its quantity amount?', 'MULTIPLE CHOICE - Choose the CORRECT answer.', 'MCQ', 1, 'Wait for a call from Accounting', 'Pretend like nothing happened.', 'I will just create new and enter the corrected value.', 'Inform and create a ticket to accounting department to correct the quantity produced.', 'Inform and create a ticket to accounting department to correct the quantity produced.'),
(1058, 145, 'Where to submit monthly physical ending inventory count?', 'MULTIPLE CHOICE - Choose the CORRECT answer.', 'MCQ', 1, 'To HR Department', 'To Accounting Department', 'To my Area Manager', 'To MIS Department', 'To Accounting Department'),
(1059, 145, 'What is the first thing you will do if you have a NEW custodian for petty cash?', 'MULTIPLE CHOICE - Choose the CORRECT answer.', 'MCQ', 1, 'Inform and E-mail details to Accounting Department', 'Nothing', 'Make friends with the custodian', 'Wait for Accounting to call', 'Inform and E-mail details to Accounting Department'),
(1060, 146, 'The company\'s policy on disciplinary action is NOT a 1.)_____________________ but RATHER 2.)___________________________ in nature.', 'Fill in the blanks with the correct words or phrases. Each item requires two answers; one wrong answer will result in no points.', 'Enumeration', 2, '', '', '', '', 'Punitive, Corrective'),
(1061, 146, '3.)____________________ will be resorted to only as a 4.)____________________ resort should the employee prove himself not able to be corrected or if the offense is so grave as to warrant separation from and employment. service', 'Fill in the blanks with the correct words or phrases. Each item requires two answers; one wrong answer will result in no points.', 'Enumeration', 2, '', '', '', '', 'Dismissal, Last'),
(1062, 146, '5.)_______________________________ shall be imposed only after a proper and thorough 6.)_______________________________of any violation to ensure fairness, justice and equality.', 'Fill in the blanks with the correct words or phrases. Each item requires two answers; one wrong answer will result in no points.', 'Enumeration', 2, '', '', '', '', 'Disciplinary Action, Investigation'),
(1063, 146, 'Employee shall be given ample time and 7.)______________________to present his side. This is part of the  8.)_______________________ as mandated by law.', 'Fill in the blanks with the correct words or phrases. Each item requires two answers; one wrong answer will result in no points.', 'Enumeration', 2, '', '', '', '', 'Chance, Due process'),
(1064, 146, 'Employee 9.)_________________________ should be formulated, documented, standardized, tailor fit to operations, approved, cascaded and implemented to all employees 10.)_______________________ of position, rank, status, job classification or category.', 'Fill in the blanks with the correct words or phrases. Each item requires two answers; one wrong answer will result in no points.', 'Enumeration', 2, '', '', '', '', 'Code of Conduct, Regardless'),
(1065, 146, 'Ang Store Manager ay maaaring mag-TERMINATE ng staff, kung ang staff ay nakagawa ng mabigat na kasalanan na may Katumbas na Class D?', 'Sagutan ng TAMA kung ang proseso ay tama, MALI kung taliwas sa ating polisiya. Ipaliwanag ang iyong sagot.', 'Essay', 5, '', '', '', '', ''),
(1066, 146, 'Ang isang staff na lumiban ng 4-5-araw sa unang pagkakataon na walang paalam sa Manager, ay pwedeng tanggapin kung ito ay may pinakitang Medical Certificate, na nagsasabing sya ay nagkasakit at may Fit-to-work?', 'Sagutan ng TAMA kung ang proseso ay tama, MALI kung taliwas sa ating polisiya. Ipaliwanag ang iyong sagot.', 'Essay', 5, '', '', '', '', ''),
(1067, 147, 'The process of determining what needs to be done, how it will be done and who does it is under what function?', 'Choose the correct answer.', 'MCQ', 1, 'Planning', 'Organizing', 'Controlling', 'Leading', 'Organizing'),
(1068, 147, 'This is the process of deciding in advance what to do and how to do it.', 'Choose the correct answer.', 'MCQ', 1, 'Planning', 'Organizing', 'Controlling', 'Leading', 'Planning'),
(1069, 147, 'This function of a leader serves to guide and influence people to achieve goals willingly and enthusiastically in a given situation.', 'Choose the correct answer.', 'MCQ', 1, 'Planning', 'Organizing', 'Controlling', 'Leading', 'Leading'),
(1070, 147, 'Creating Policies and Procedures, having Standard Operating Procedures, as well as System Processes and Critical Control Points are part of which function of Leadership?', 'Choose the correct answer.', 'MCQ', 1, 'Planning', 'Organizing', 'Controlling', 'Leading', 'Controlling'),
(1071, 147, 'This tool is usually used when monitoring our stores which is part of a Leader’s control function:', 'Choose the correct answer.', 'MCQ', 1, 'Scorecard', 'Organizational Chart', 'Vision Statement', 'All of the above', 'Scorecard'),
(1072, 147, 'Autocratic Leadership Style is a management style where the Manager has complete control over all decisions with the expectation of strict obedience from staff and their quick execution.  This is applicable for situations like', 'Choose the correct answer.', 'MCQ', 1, 'Performance evaluation time', 'There is a new and untrained staff', '5-5-5 Sessions', 'Counseling staff on their absenteeism', 'There is a new and untrained staff'),
(1073, 147, 'In Transformational Leadership Style, it is the Manager who inspires and motivates his staff to achieve positive changes through role modeling. This is best use when:', 'Choose the correct answer.', 'MCQ', 1, 'Explaining standards or procedures on safety and security', 'Cascading Company Core Values', 'Handling a complaint about SRC discount', 'Coordinating tasks with other departments', 'Cascading Company Core Values'),
(1074, 147, 'In the Democratic Leadership, the Manager actively engages team members in the decision-making process but still has the final authority.  This is applicable to situations like', 'Choose the correct answer.', 'MCQ', 1, 'Teaching staff how to prepare Fresh Lemonade', 'Implementing rules on proper uniform', 'Looking for ways to increase transaction count of store', 'Handling complaints about missing orders', 'Looking for ways to increase transaction count of store'),
(1075, 147, 'Bureaucratic Style of Leadership means managing “by the book”, this is perfect for situations relating to:', 'Choose the correct answer.', 'MCQ', 1, 'Settling differences between two employees', 'Tasks that require handling cash', 'Building Team rapport', 'All of the above', 'Tasks that require handling cash'),
(1076, 147, 'In order to establish rapport with guests and find out how is their dining experience, I must', 'Choose the correct answer.', 'MCQ', 1, 'Review the CCTV footage', 'Hop from one table to the other to talk to the guests', 'Read the Guest Comment Form', 'Ask the Supervisors to report to you', 'Hop from one table to the other to talk to the guests'),
(1077, 147, 'Assuming these incidents happened at the same time, which should be attended to first?', 'Choose the correct answer.', 'MCQ', 1, 'No delivery of canned sodas', 'Busted light of signage at main entrance', 'Chiller registers a temperature of 20 degree Celsius', 'Senior citizen complaining about his discount', 'Senior citizen complaining about his discount'),
(1078, 147, 'Assuming these incidences happened at the same time, which should be attended to first?', 'Choose the correct answer.', 'MCQ', 1, 'Aircon is broken', 'No supply of LPG', 'Calamansi is out of stock', 'Biometrics is not working', 'No supply of LPG'),
(1079, 147, 'Which should be prioritized during peak hours?', 'Choose the correct answer.', 'MCQ', 1, 'Doing reports for submission', 'Overseeing operations', 'Make a game plan', 'Do the travel path', 'Overseeing operations'),
(1080, 147, 'Which should be attended to first?', 'Choose the correct answer.', 'MCQ', 1, 'The internet is down', 'Securing permit for maintenance repair works', 'A call from your Area Manager', 'None of the Above', 'The internet is down'),
(1081, 147, 'Which should be attended to first?', 'Choose the correct answer.', 'MCQ', 1, 'A call from your Area Manager', 'Customer complaining for waiting too long', 'Doing reports for submission', 'None of the above', 'Customer complaining for waiting too long'),
(1082, 147, 'What is the first thing you should do when you come in the store?', 'Choose the correct answer.', 'MCQ', 1, 'Read the endorsement logbook', 'Make a game plan', 'Do the travel path', 'None of the Above', 'Read the endorsement logbook'),
(1083, 147, 'While doing your Travel Path, there will be instances when you need to troubleshoot bottlenecks, therefore you need to be able to:', 'Choose the correct answer.', 'MCQ', 1, 'Step in and do the job yourself', 'Step in, fix the problem, then step out and get back to your task of managing', 'Do the travel path', 'Make a game plan', 'Step in, fix the problem, then step out and get back to your task of managing'),
(1084, 147, 'During the Shift, my role is to:', 'Choose the correct answer.', 'MCQ', 1, 'Take charge of one Zone', 'Check the activities of each station regularly', 'Make the reports for submission', 'All of the above', 'Check the activities of each station regularly'),
(1085, 147, 'One of the Store Manager’s roles is to find ways to increase store sales.', 'Select True if the statement is correct and False if the statement is incorrect.', 'True/False', 1, '', '', '', '', 'TRUE'),
(1086, 147, 'If during your shift you were able to close a function with a guest, you need to write this down on the endorsement logbook for the next shift.', 'Select True if the statement is correct and False if the statement is incorrect.', 'True/False', 1, '', '', '', '', 'TRUE'),
(1087, 147, 'As a Store Manager, one of my roles is to oversee day to day store operations:', 'Select True if the statement is correct and False if the statement is incorrect.', 'True/False', 1, '', '', '', '', 'TRUE'),
(1088, 147, 'It is my responsibility as a Store Manager to ensure to hit the target Transaction Count of my store.', 'Select True if the statement is correct and False if the statement is incorrect.', 'True/False', 1, '', '', '', '', 'TRUE'),
(1089, 147, 'Performance Appraisal is one of the tools to measure the performance of our staff.  This is part of Planning function of a manager.', 'Select True if the statement is correct and False if the statement is incorrect.', 'True/False', 1, '', '', '', '', 'FALSE'),
(1090, 147, 'To reinforce compliance to company standards and policies, we often use discipline and reward system.', 'Select True if the statement is correct and False if the statement is incorrect.', 'True/False', 1, '', '', '', '', 'TRUE'),
(1091, 147, 'Product knowledge is key to good suggestive selling.  The HR must ensure this before dispatching the staff to store.', 'Select True if the statement is correct and False if the statement is incorrect.', 'True/False', 1, '', '', '', '', 'FALSE'),
(1092, 148, 'This core value pertains to the wholeness of a person.', 'Choose the correct answer.', 'MCQ', 1, 'Integrity', 'Customer Service Oriented', 'Excellence', 'Teamwork', 'Integrity'),
(1093, 148, 'One of our three uniques is', 'Choose the correct answer.', 'MCQ', 1, 'Rocks and Scorecard', 'Ni Hao!', 'Always open and willing to serve', '60 stores', 'Always open and willing to serve'),
(1094, 148, 'This is a ONE-ON-ONE DISCUSSION with your staff on how are they doing? Are their core values still aligned with the company? What is the progress in their scorecard? Do they need help from you?', 'Choose the correct answer.', 'MCQ', 1, 'Level 30 Meeting', '5/5/6005', 'Core Focus', 'People Analyzer', '5/5/6005'),
(1095, 148, 'This core value means working altogether towards a common goal.', 'Choose the correct answer.', 'MCQ', 1, 'Integrity', 'Customer Service Oriented', 'Excellence', 'Teamwork', 'Teamwork'),
(1096, 148, 'In doing People Analyzer, if the staff being rated sometimes exhibits the core values and sometimes, he or she doesn’t, the correct rating is:', 'Choose the correct answer.', 'MCQ', 1, '+', '+/-', '–', 'I don’t know', '+/-'),
(1097, 148, 'This core value means an employee of North Park must give focus to our customers.', 'Choose the correct answer.', 'MCQ', 1, 'Integrity', 'Customer Service Oriented', 'Excellence', 'Teamwork', 'Customer Service Oriented'),
(1098, 148, 'This is done weekly, same time, same day, same agenda, and runs for 90minutes that focuses on solving the most important issues.', 'Choose the correct answer.', 'MCQ', 1, 'L30 Meetings', 'Branch General Meeting', 'Scorecard', 'Headlines', 'L30 Meetings'),
(1099, 148, 'In doing People Analyzer, if the staff being rated exhibits the core values most of the time, the correct rating is:', 'Choose the correct answer.', 'MCQ', 1, '+', '+/-', '–', 'I don’t know', '+'),
(1100, 148, 'This is a weekly activities-based numbers that offers 33 weeks of history at a glance and maintains an absolute pulse on the business.', 'Choose the correct answer.', 'MCQ', 1, 'L30 Meetings', 'Core Values', 'Scorecard', 'Core Focus', 'Scorecard'),
(1101, 148, 'This core values means giving our best in every situation we encounter.', 'Choose the correct answer.', 'MCQ', 1, 'Integrity', 'Customer Service Oriented', 'Excellence', 'Teamwork', 'Excellence'),
(1102, 148, 'One of our marketing strategies is to GUARANTEE our customers with', 'Choose the correct answer.', 'MCQ', 1, '7 Pillars of Service Cycle', 'Right Away Service', 'Great People, Great Service', 'I.C.E.T.', 'Right Away Service'),
(1103, 148, 'In People Analyzer, the “W” in G-W-C means:', 'Choose the correct answer.', 'MCQ', 1, 'Worthless (walang silbi sa trabaho)', 'Wants It (Gusto niya ang trabaho)', 'Winner! (magaling siya sa trabaho)', 'Wrongfully (mali-mali sa trabaho)', 'Wants It (Gusto niya ang trabaho)'),
(1104, 148, 'In interpreting the People Analyzer, The Bar means an average rating of:', 'Choose the correct answer.', 'MCQ', 1, '+, +, +, +/-, Y, Y, Y', '+, +, +/-, +/-, Y, Y, Y', '+, +, +, +/-, Y, N, Y', '+, +, +, +, N, N, N', '+, +, +, +/-, Y, Y, Y'),
(1105, 148, 'During L30 Meetings, any issues related to operations – may it be concerning People, Equipment, and Product, must be raised in what part of the meeting?', 'Choose the correct answer.', 'MCQ', 1, 'Rocks Review', 'Customer / Employee Headlines', 'To-Do List', 'I.D.S. (Issues, Discussion, Solve)', 'I.D.S. (Issues, Discussion, Solve)'),
(1106, 148, 'What does the letter “M” in S.M.A.R.T. stand for?', 'Choose the correct answer.', 'MCQ', 1, 'Manageable', 'Meaningful', 'Measurable', 'Motivating', 'Measurable'),
(1107, 148, 'Which goal is the most Specific?', 'Choose the correct answer.', 'MCQ', 1, 'Reduce mistakes', 'Increase delivery orders by 30% within the delivery grid', 'Increase delivery orders by 30%', 'Improve store performance', 'Increase delivery orders by 30% within the delivery grid'),
(1108, 148, 'Why is it important that a goal is Time-Bound?', 'Choose the correct answer.', 'MCQ', 1, 'To make the goal more challenging', 'To know who is responsible', 'To know when the goal should be achieved', 'To make the goal longer', 'To know when the goal should be achieved'),
(1109, 148, 'Why is “Realistic” important in goal making?', 'Choose the correct answer.', 'MCQ', 1, 'It removes the need for measurement', 'It guarantees success without effort', 'It ensures the goal can be achieved with available time, people, and resources', 'It makes the goal more difficult', 'It ensures the goal can be achieved with available time, people, and resources'),
(1110, 148, 'Which goal is written in a S.M.A.R.T. way?', 'Choose the correct answer.', 'MCQ', 1, 'Always provide excellent customer service', 'Train staff to serve customers better by end of quarter', 'Increase customer satisfaction scores by 30% within three months by conducting weekly service coaching and monitoring customer feedback', 'Improve service quality regularly', 'Increase customer satisfaction scores by 30% within three months by conducting weekly service coaching and monitoring customer feedback'),
(1111, 148, 'Which of the following goals is written in a S.M.A.R.T. way?', 'Choose the correct answer.', 'MCQ', 1, 'Improve teamwork and customer service as soon as possible.', 'Increase delivery sales by 35% within three months by distributing 5,000 flyers within the delivery area.', 'Encourage employees to work better and avoid mistakes by end of quarter.', 'Make sure everyone does their best at work.', 'Increase delivery sales by 35% within three months by distributing 5,000 flyers within the delivery area.');

-- --------------------------------------------------------

--
-- Table structure for table `seminars`
--

CREATE TABLE `seminars` (
  `id` int(11) NOT NULL,
  `seminar_title` varchar(255) NOT NULL,
  `description` text DEFAULT NULL,
  `seminar_date` date NOT NULL,
  `start_time` time NOT NULL,
  `end_time` time NOT NULL,
  `target_position` varchar(100) DEFAULT 'All',
  `status` enum('Scheduled','Completed','Cancelled') DEFAULT 'Scheduled',
  `created_by` int(11) NOT NULL,
  `date_created` timestamp NOT NULL DEFAULT current_timestamp()
) ENGINE=InnoDB DEFAULT CHARSET=utf8mb4 COLLATE=utf8mb4_general_ci;

-- --------------------------------------------------------

--
-- Table structure for table `seminar_attendance`
--

CREATE TABLE `seminar_attendance` (
  `id` int(11) NOT NULL,
  `seminar_id` int(11) NOT NULL,
  `employee_id` int(11) NOT NULL,
  `time_in` datetime DEFAULT NULL,
  `break_out` datetime DEFAULT NULL,
  `break_in` datetime DEFAULT NULL,
  `time_out` datetime DEFAULT NULL,
  `status` enum('Present','Absent') DEFAULT 'Absent',
  `date_created` timestamp NOT NULL DEFAULT current_timestamp()
) ENGINE=InnoDB DEFAULT CHARSET=utf8mb4 COLLATE=utf8mb4_general_ci;

-- --------------------------------------------------------

--
-- Table structure for table `users`
--

CREATE TABLE `users` (
  `id` int(11) NOT NULL,
  `full_name` varchar(150) NOT NULL,
  `employee_number` varchar(50) NOT NULL,
  `branch` varchar(100) NOT NULL,
  `position` varchar(100) NOT NULL,
  `date_started` date NOT NULL,
  `email` varchar(150) NOT NULL,
  `username` varchar(100) NOT NULL,
  `password` varchar(255) NOT NULL,
  `role` enum('Administrator','HR','Employee') NOT NULL DEFAULT 'Employee',
  `status` enum('Pending','Approved','Rejected','Inactive') NOT NULL DEFAULT 'Pending',
  `profile_photo` varchar(255) DEFAULT NULL,
  `date_created` timestamp NOT NULL DEFAULT current_timestamp()
) ENGINE=InnoDB DEFAULT CHARSET=utf8mb4 COLLATE=utf8mb4_general_ci;

--
-- Dumping data for table `users`
--

INSERT INTO `users` (`id`, `full_name`, `employee_number`, `branch`, `position`, `date_started`, `email`, `username`, `password`, `role`, `status`, `profile_photo`, `date_created`) VALUES
(16, 'Guillermo Mercado', '250007', 'HQ', 'MIS Staff', '2025-01-06', 'guillermo.mercado@northpark.com.ph', '250007', '$2y$10$eW1INhmcJb6z7lu9X.Sc8u/bZkN3IYLa0jrDa2YgpDzR4pJev9pTG', 'HR', 'Approved', NULL, '2026-02-23 09:21:17'),
(21, 'CNV', '198004', 'HQ', 'AVP', '1998-02-16', 'cnv@northpark.com.ph', 'cnv_northpark', '$2y$10$CR2JBXOun88He1Elw/24bONxAqoVCRlWvbPlq6RwI6SJ6WOvqr6De', 'HR', 'Approved', NULL, '2026-02-24 06:21:34'),
(22, 'Madie Sison', '000000', 'HQ', 'HR Manager', '2021-01-01', 'mtsison10@gmail.com', 'mts', '$2y$10$//Jb9prT3Eia43/unnRPvu0bcmcPl1mcJJZuZtnubDmNoi.iCLPci', 'HR', 'Approved', NULL, '2026-02-24 06:22:02'),
(25, 'Joanalyn M. Francisco', '181402', 'North Park Hypermarket Imus', 'Management Trainee', '2018-09-19', 'franciscojoanalyn@gmail.com', 'Joana125', '$2y$10$o9Nnoli7f2An36/k/1/oB.1QI2C69wCUWoRLGUAfS6GYgg1vg2WlC', 'Employee', 'Approved', NULL, '2026-02-26 00:39:13'),
(26, 'Losenada Ivy Elaine', '220504', 'North Park SM Dasmarinas', 'Management Trainee', '2023-05-09', 'losenadaivy@gmail.com', 'ivy_losenada', '$2y$10$wii.TaGdmFa2YFbiZgSikuSsXrw9.kaB468GD7o81nIjm3eDO90Sy', 'Employee', 'Approved', NULL, '2026-02-26 00:40:15'),
(27, 'Jhackielyn Osorio', '231378', 'North Park Santana Grove', 'Management Trainee', '2023-09-01', 'jhackielynpabianoosorio@gmail.com', 'Jhackie', '$2y$10$Nf3DA/iIeXU97vnkGcUrJuX/axYiyr3j2UumINRAFr5/zmtwUjGw6', 'Employee', 'Approved', NULL, '2026-02-26 00:40:26'),
(28, 'Ella Jean Gamban', '220991', 'North Park Paseo De Roces', 'Management Trainee', '2022-08-03', 'ellajeangamban18@gmail.com', 'Ellajean25', '$2y$10$2CYiH/iWZDuxR1EZs4yq.u4LA4XGGeMcXT9TrCn0PK2EL9O3Rglmq', 'Employee', 'Approved', NULL, '2026-02-26 00:40:49'),
(29, 'Hannah Karla Pastarana', '230470', 'North Park Hypermarket EDSA', 'Management Trainee', '2026-02-26', 'Hkpastrana31@gmail.com', '@Hkpastrana05', '$2y$10$KHnQqi28SXDY0d7MS87sWuR3Ucyfz7OzgKmmkUphr7yn4xybzdNo6', 'Employee', 'Approved', NULL, '2026-02-26 00:41:06'),
(30, 'Nova Villaganas', '230482', 'North Park Westgate', 'Management Trainee', '2019-12-09', 'novavillaganas3@gmail.com', 'Nova06', '$2y$10$WO.TsEMcOiYRZ6mIqqCtUuvXOqFSpVNQ2z6OGC0NbOBft3qBwYHAG', 'Employee', 'Approved', NULL, '2026-02-26 00:41:44'),
(31, 'VENGIE NOBLEZA', '191059', 'North Park SM Mall of Asia (Annex)', 'Management Trainee', '2026-02-26', 'nobleza617v@gmail.com', 'VENZ', '$2y$10$Ik9n60GprVDuOcTH6Gapzeop6rK0MrC6Gm2PY4S1zfnY7Bo4i6dbq', 'Employee', 'Approved', NULL, '2026-02-26 00:41:52'),
(32, 'Oscar Gajardo Nalupa Jr', '191409', 'Ma Chicken Trinoma', 'Management Trainee', '2026-02-26', 'oscargajardonalupa1997@gmail.com', 'NALUPA1997', '$2y$10$penF5MuynUn4yO4kkRnVxe4eifiTI.1JT9617cgHVp9.n.fJK16vG', 'Employee', 'Approved', NULL, '2026-02-26 00:42:22'),
(33, 'Me san Lumayor', '512042', 'North Park SM Muntinlupa', 'Assistant Store Manager', '2012-06-06', 'mesanlumayor0711@gmail.com', 'Mesan0711', '$2y$10$iQtixzNns/GD6D6N2vEyoOkmwoPEg.Z1up6oJpTfQbgcoEec/rMb.', 'Employee', 'Approved', NULL, '2026-02-26 00:43:49'),
(34, 'Jonahvel Bilbao', '170090', 'North Park G. Araneta Ave', 'Assistant Store Manager', '2026-02-26', 'ledesmavhel@gmail.com', 'VHEL0403', '$2y$10$0b4xZmPCyucxojjrXJb3ae10Og5EmLRaF1GngGmy4UvmL/p/Bfn92', 'Employee', 'Approved', NULL, '2026-02-26 00:44:19'),
(35, 'Earl Joed Zacarias', '230901', 'North Park Hypermarket FTI', 'Management Trainee', '2023-06-14', 'earlllzacarias061420@gmail.com', 'Earl Joed Zacarias', '$2y$10$CqJ80RLQxll6JEodnecelubKqj6x4q3HG9QQN9EB0klwURoKhBfsu', 'Employee', 'Approved', NULL, '2026-02-26 00:44:47'),
(36, 'Glenn C. Patoc', '180204', 'North Park Alabang Town Center', 'Management Trainee', '2018-02-06', 'marcoglendale28@gmail.com', 'Glendale28', '$2y$10$fYbxPDxC4dlBBqnYyqIkZO0lQMcVOYlJPXpkkCdeQmWApRrx4Hqla', 'Employee', 'Approved', NULL, '2026-02-26 00:45:07'),
(37, 'Ariane Joy Bibiano', '180251', 'Next Door Texas', 'Management Trainee', '2018-02-06', 'arianejoybibiano460@gmail.com', 'Ariane1018', '$2y$10$Xmr8AzEXd84o8fUz2a48PuEdZn.jdm8yw7GHr8NjDJ63nnXKU/cDa', 'Employee', 'Approved', NULL, '2026-02-26 00:46:33'),
(38, 'Maylyn sacdalan', '180301', 'North Park Jetti Macapagal', 'Management Trainee', '2018-02-06', 'ismael.marvin4@gmail.com', 'Maylyn_Sacdalan@06', '$2y$10$JfvkJGzTkFXMSybNGtu/h.Semom3iY.n0s5fWwN4pHnrFIunVlxaq', 'Employee', 'Approved', NULL, '2026-02-26 00:49:01'),
(39, 'brenda abagatnan', '606018', 'North Park Parqal', 'Management Trainee', '2001-03-02', 'brendaabagatnan15@gmail.com', 'brenda', '$2y$10$.nMtiF0a6hGglbB4.kQpqO6WclVSUHRVJVsqC49QQ7m2CwGVGnukm', 'Employee', 'Approved', NULL, '2026-02-26 00:52:28');

--
-- Indexes for dumped tables
--

--
-- Indexes for table `audit_log`
--
ALTER TABLE `audit_log`
  ADD PRIMARY KEY (`id`),
  ADD KEY `user_id` (`user_id`);

--
-- Indexes for table `exams`
--
ALTER TABLE `exams`
  ADD PRIMARY KEY (`id`),
  ADD KEY `created_by` (`created_by`);

--
-- Indexes for table `exam_results`
--
ALTER TABLE `exam_results`
  ADD PRIMARY KEY (`id`),
  ADD KEY `exam_id` (`exam_id`),
  ADD KEY `employee_id` (`employee_id`);

--
-- Indexes for table `questions`
--
ALTER TABLE `questions`
  ADD PRIMARY KEY (`id`),
  ADD KEY `exam_id` (`exam_id`);

--
-- Indexes for table `seminars`
--
ALTER TABLE `seminars`
  ADD PRIMARY KEY (`id`);

--
-- Indexes for table `seminar_attendance`
--
ALTER TABLE `seminar_attendance`
  ADD PRIMARY KEY (`id`),
  ADD KEY `seminar_id` (`seminar_id`),
  ADD KEY `employee_id` (`employee_id`);

--
-- Indexes for table `users`
--
ALTER TABLE `users`
  ADD PRIMARY KEY (`id`),
  ADD UNIQUE KEY `employee_number` (`employee_number`),
  ADD UNIQUE KEY `email` (`email`),
  ADD UNIQUE KEY `username` (`username`);

--
-- AUTO_INCREMENT for dumped tables
--

--
-- AUTO_INCREMENT for table `audit_log`
--
ALTER TABLE `audit_log`
  MODIFY `id` int(11) NOT NULL AUTO_INCREMENT;

--
-- AUTO_INCREMENT for table `exams`
--
ALTER TABLE `exams`
  MODIFY `id` int(11) NOT NULL AUTO_INCREMENT, AUTO_INCREMENT=150;

--
-- AUTO_INCREMENT for table `exam_results`
--
ALTER TABLE `exam_results`
  MODIFY `id` int(11) NOT NULL AUTO_INCREMENT, AUTO_INCREMENT=147;

--
-- AUTO_INCREMENT for table `questions`
--
ALTER TABLE `questions`
  MODIFY `id` int(11) NOT NULL AUTO_INCREMENT, AUTO_INCREMENT=1112;

--
-- AUTO_INCREMENT for table `seminars`
--
ALTER TABLE `seminars`
  MODIFY `id` int(11) NOT NULL AUTO_INCREMENT, AUTO_INCREMENT=3;

--
-- AUTO_INCREMENT for table `seminar_attendance`
--
ALTER TABLE `seminar_attendance`
  MODIFY `id` int(11) NOT NULL AUTO_INCREMENT;

--
-- AUTO_INCREMENT for table `users`
--
ALTER TABLE `users`
  MODIFY `id` int(11) NOT NULL AUTO_INCREMENT, AUTO_INCREMENT=44;

--
-- Constraints for dumped tables
--

--
-- Constraints for table `audit_log`
--
ALTER TABLE `audit_log`
  ADD CONSTRAINT `audit_log_ibfk_1` FOREIGN KEY (`user_id`) REFERENCES `users` (`id`);

--
-- Constraints for table `exams`
--
ALTER TABLE `exams`
  ADD CONSTRAINT `exams_ibfk_1` FOREIGN KEY (`created_by`) REFERENCES `users` (`id`);

--
-- Constraints for table `exam_results`
--
ALTER TABLE `exam_results`
  ADD CONSTRAINT `exam_results_ibfk_1` FOREIGN KEY (`exam_id`) REFERENCES `exams` (`id`),
  ADD CONSTRAINT `exam_results_ibfk_2` FOREIGN KEY (`employee_id`) REFERENCES `users` (`id`);

--
-- Constraints for table `questions`
--
ALTER TABLE `questions`
  ADD CONSTRAINT `questions_ibfk_1` FOREIGN KEY (`exam_id`) REFERENCES `exams` (`id`) ON DELETE CASCADE;

--
-- Constraints for table `seminar_attendance`
--
ALTER TABLE `seminar_attendance`
  ADD CONSTRAINT `seminar_attendance_ibfk_1` FOREIGN KEY (`seminar_id`) REFERENCES `seminars` (`id`) ON DELETE CASCADE,
  ADD CONSTRAINT `seminar_attendance_ibfk_2` FOREIGN KEY (`employee_id`) REFERENCES `users` (`id`) ON DELETE CASCADE;
COMMIT;

/*!40101 SET CHARACTER_SET_CLIENT=@OLD_CHARACTER_SET_CLIENT */;
/*!40101 SET CHARACTER_SET_RESULTS=@OLD_CHARACTER_SET_RESULTS */;
/*!40101 SET COLLATION_CONNECTION=@OLD_COLLATION_CONNECTION */;
